"productId","name","category","subcategory","manufacturer","price","onDiscount","discountPrice","description","images"
"xnCLXV4bdJKf9uUBRH3G","Acustic","Zaštita bilja","Fungicidi","Galenika Fitofarmacija","1","false","","Opis:
Lokalsistemični fungicid sa protektivnim i izvesnim kurativnim delovanjem, namenjen za suzbijanje patogena u voćarstvu
Proizvođač
GALENIKA-FITOFARMACIJA a.d.
Aktivne Materije
Dodin
Formulacija:
koncentrovana suspenzija - SC
Delovanje
Dodin je jedinjenje koje pripada grupi guanidina (FRAC: U12). Odlikuje ga nespecifičan mehanizam delovanja. Remeti ćelijske membrane, povećava njihovu propustljivost što dovodi do curenja ćelijskog sadržaja iz protoplazme u intercelularne prostore (citoliza). Inhibira i određene intercelularne enzime kod gljiva. Preventivno delovanje ispoljava tako što inhibira klijanje spora kod fitopatogenih gljiva, a blago kurativno delovanje inhibirajući porast klicine cevi pri primeni 48 h nakon ostvarene infekcije. Nakon aplikacije se vezuje za voštani sloj lista što pokazuje da poseduje otpornost na spiranje kišom. Ima povoljna toksikološka i ekotoksikološka svojstva. Može doći do fitotoksičnosti ukoliko nakon primene u fenofazi precvetavanja temperatura padne ispod 5°C.
Karenca:
21 dan - jabuka
14 dana - višnja, trešnja
OVP - breskva
Koncentracija
0,15-0.25%
Primena:
jabuka, višnja, trešnja, breskva
Pakovanje:
1 l","https://firebasestorage.googleapis.com/v0/b/web-shop-model.appspot.com/o/images%2F1762519874612-acustic2.jpg?alt=media&token=c768e296-6039-43d9-9525-4c56e25958ad"
"ZtQdY6Pb69FyTJ1xXJAS","Akcija Proizvod","Seme i sadnice","Seme ratarskih kultura","Nesto","3000","true","2800","asda","https://firebasestorage.googleapis.com/v0/b/web-shop-model.appspot.com/o/images%2F1741448848948-coral.jpg?alt=media&token=f1924b57-c165-4770-b2ae-032bb35ab057"
"0HYakc8U67tj4V1e7TBQ","Akord","Zaštita bilja","Fungicidi","Galenika Fitofarmacija","1","false","","Opis
Sistemični fungicid širokog spektra delovanja za primenu u voćarstvu, povrtarstvu, vinovoj lozi i pšenici
Proizvođač
GALENIKA-FITOFARMACIJA a.d.
Aktivne Materije
Tebukonazol
Formulacija
koncentrat za emulziju - EC
Delovanje
Akord je sistemični fungicid koji sadrži aktivnu supstancu tebukonazol, iz grupe triazola. Mehanizam delovanja triazola je u inhibiciji enzima koji imaju ulogu u sintezi ergosterola. Ergosterol ulazi u sastav ćelijskih zidova i neophodan je za njihovo normalno funkcionisanje. upotrba Akorda dovodi do nekontrolisanog rasta gljiva i njihovog uginuća. Primenjuje se preventivno i u ranom postinfekcionom periodu, nakon klijanja gljiva, jer one imaju dovoljno ergosterola, preporučuje se aplikacija na samom početku infekcionog procesa.
Karenca
7 dana - breskva, kajsija, tikva, bundeva, tikvica, dinja, lubenica
14 dana - malina, kupina, orah
21 dan - paradajz, višnja, šljiva, vinova loza, jagoda, mrkva, peršun, celer, paštrnak
obezbeđena vremenom primene - pšenica
Koncentracija
0,4-1 l/ha
0,05%
Primena
višnja, šljiva, vinova loza, jagoda, malina, kupina, breskva, kajsija, orah, pšenica, paradajz, tikva, bundeva, tikvica, dinja, lubenica, mrkva, peršun, paštrnak, celer
Pakovanje
100 ml, 1 l","https://firebasestorage.googleapis.com/v0/b/web-shop-model.appspot.com/o/images%2F1762513246540-akord.webp?alt=media&token=f02d33ed-a353-4e5d-ae63-376a5fe9b7a8"
"3vq91QABUOxppFvXLFKN","Alijansa Plus","Zaštita bilja","Fungicidi","Galenika Fitofarmacija","1","false","","Opis
Sistemični fungicid sa protektivnim i kurativnim delovanjem, namenjen za suzbijanje prouzrokovača plamenjače krompira i vinove loze.
Proizvođač
GALENIKA-FITOFARMACIJA a.d.
Aktivne Materije
Bakar-oksihlorid + metalaksil-M
Formulacija
kvašljivi prašak - WP
Delovanje
Alijansa plus je fungicid sa dvostrukim mehanizmom delovanja. Ispoljava visoku efikasnost u suzbijanju velikog broja prouzrokovača biljnih bolesti. Metalaksil-M se nakon aplikacije veoma brzo usvaja zelenim delovima biljke. Zbog izvanredne pokretljivosti ksilemom unutar biljke, transportuje se do vršnih delova novoizraslog biljnog tkiva, koje je na taj način zaštićeno od infekcije. Mehanizam delovanja se bazira na inhibiciji sinteze proteina u organizmu gljiva, čime se remete procesi metabolizma koji dovode do uginuća gljiva. Bakar iz bakarnog oksihlorida je kontaktni i preventivni fungicid čije se delovanje zasniva na aktivnosti Cu2+ katjona. Pri kontaktu sa sporama gljive sprečava procese ćelijskog disanja pri čemu se sprečava klijanje spora i nastanak infekcije u u početnim fazama. Pored fungicidnog delovanja bakar iz bakarnog oskihlorida pokazuje i baktericidno delovanje.
Karenca
21 dan - vinova loza
14 dana - krompir
Koncentracija
2,5 kg/ha
Primena
vinova loza, krompir
Pakovanje
1 kg","https://firebasestorage.googleapis.com/v0/b/web-shop-model.appspot.com/o/images%2F1762513378987-alijansa.jpg?alt=media&token=8f620b62-39da-4fdd-a4b1-ff5427a99e55"
"hDo1cSagRfkYrJExSrTv","Amino Copper 8","Ishrana bilja","Đubriva na bazi mikroelemenata","Fertico","1","false","","• Tečno đubrivo na bazi bakra (Cu), u obliku organskih molekula (heptoglukonati, lignosulfonati i EDTA)
• Eliminiše simptome deficita bakra na biljkama
• Ubrzava metabolizam gajenih biljaka
• Povećava otpornost biljaka na patogene gljive i bakterije
• Primena: folijarno od 0.1% do 0.2% i fertigaciono od 3 do 5 l/ha

Sadržaj Cu u proizvodu: 26,2 g/l

","https://firebasestorage.googleapis.com/v0/b/web-shop-model.appspot.com/o/images%2F1741768948620-FITOFERT-AMINO-COPPER-8.jpg?alt=media&token=01a7e43d-dfaa-4b27-815c-a7724381780b"
"VRdIWSOhoVzeZUYQQrp7","Aminoflex 25","Ishrana bilja","Tečna đubriva i biostimulatori","Fertico","1","false","","• Tečno biostimulativno đubrivo na bazi slobodnih aminokiselina biljnog porekla
• Stimulativno deluje na rast i razvoj biljaka, naročito u uslovima stresa (hladnoća, visoka temperatura, grad, fitotoksija… )
• Doprinosi kvalitetnijoj izgradnji ćelijskog zida, sintezi hlorofila, oplodnji i  drugim enzimskim procesima
• Primena: folijarno u koncentraciji od 0.1 do 0.5 % (voćarstvo 2-3 l/ha, ratarstvo 1-2 l/ha, povrtarstvo 0.1-0.3%)","https://firebasestorage.googleapis.com/v0/b/web-shop-model.appspot.com/o/images%2F1741767449322-1.jpg?alt=media&token=5f8c247f-0f4a-4f67-9e60-0d10986475e0"
"9kI24Pwio8qT4HdvKdif","Aminomax 80","Ishrana bilja","Tečna đubriva i biostimulatori","Fertico","1","false","","• Biostimulativno praškasto đubrivo na bazi aminokiselina biljnog porekla
• Jedinstven proizvod zbog jako visokog sadržaja aminokiselina stimulativno deluje na rast i razvoj biljaka, naročito u uslovima stresa (hladnoća, visoka temperatura, grad, fitotoksija… )
• Primena: folijarno u koncentraciji od 0,08 do 0.3 % (voćarstvo 1 kg/ha, ratarstvo 0.2-0.3 kg/ha, povrtarstvo 0.08 – 0.1 %)
• Sadržaj aminokiselina: 800 g/kg","https://firebasestorage.googleapis.com/v0/b/web-shop-model.appspot.com/o/images%2F1741769086106-FITOFERT-AMINOMAX80.jpg?alt=media&token=bd4fd5d6-61c6-4935-874f-382930938207"
"Jzxwj9imdZADJMPBUVsr","Astrid","Zaštita bilja","Herbicidi","Galenika Fitofarmacija","1","false","","Opis
Selektivni herbicid namenjen za subijanje jednogodišnjih širokolisnih i uskolisnih korova u usevu kukuruza
Proizvođač
GALENIKA-FITOFARMACIJA a.d.
Aktivne Materije
Izoksaflutol + tienkarbazon-metil + protektant ciprosulfamid
Formulacija
koncentrovana suspenzija - SC
Delovanje
Astrid je herbicid koji u svom sastavu sadrži dve aktivne supstance različitog mehanizma delovanja. Usvajanje se vrši putem korena i lista, a zahvaljujući delovanju protektanta ciprosulfamida, preparat Astrid odlikuje izuzetna selektivnost. Izoksaflutol ispoljava delovanje tako što sprečava sintezu karotenoida što se manifestuje karakterističnim simptomom promene boje lista iz zelene u belu (izbeljivanje), uz postepeno uvenuće. Tienkarbazon-metil pripada grupi ALS inhibitora. Nakon usvajanja, tienkarbazon-metil se sprovodnim sudovima transportuje do tačaka porasta gde se sprečava stvaranje enzima acetolaktat sintetaze (ALS), čija je ključna uloga u deobi ćelija meristemskog tkiva. Na ovaj način, rast korovskih biljaka prestaje nakon čega se suše i odumiru. Ciprosulfamid, kao protektant, ima ulogu u podsticaju metabolizma kukuruza i deluje tako što ubrzava razgradnju aktivnih supstanci u gajenoj biljci sprečavajući eventualno štetno delovanje.
Karenca
obezbeđena vremenom primene za kukuruz
Koncentracija
0,4 l/ha
Primena
kukuruz
Pakovanje
1 L","https://firebasestorage.googleapis.com/v0/b/web-shop-model.appspot.com/o/images%2F1762508813305-Astrid.webp?alt=media&token=e78fbcb0-1b7a-4d12-a8b2-523c639ad802"
"HeY8NupMoZr5Dro9Uvm9","Atlas Flow","Zaštita bilja","Fungicidi","Galenika Fitofarmacija","1","false","","Opis
Sistemični i kontaktni folijarni fungicid, namenjen za suzbijanje prouzrokovača sive truleži u zasadu maline
Proizvođač
GALENIKA-FITOFARMACIJA a.d.
Aktivne Materije
Ciprodinil + fludioksonil
Formulacija
koncentrovana suspenzija - SC
Delovanje
Atlas flow je preparat koji u svom sastavu sadrži dve aktivne supstance različitog mehanizma delovanja. Ciprodinil je sistemični fungicid iz grupe anilin-opirimidina. Svoju sistemičnost ispoljava nakon što se usvoji u biljno tkivo, kretanjem akropetalno sprovodnim sudovima ksilema. Mehanizam delovanja se ogleda u inhibiciji biosinteze aminokiseline metionin i lučenju hidrolitičkih enzima gljive. Na taj način se zaustavlja rast apresorije koja klija iz spore i njeno prodiranje u biljno tkivo sprečava nastanak infekcije u njenim početnim fazama. Fludioksonil pripada grupi fenilpirola i odlikuje ga jak fungicidni efekat. To je nesistemični fungicid širokog spektra delovanja sa dugom rezidualnom aktivnošću. Poseduje jedinstven mehanizam delovanja putem blokade regulatornih enzima (histidin kinaza) koji su neophodni za sintezu glicerola. Na ovaj način dolazi do inhibicije klijanja spora, klicine cevi i porasta micelije gljiva. Nakon aplikacije često se vezuje za voštani sloj biljnog tkiva. Najbolje rezultate postiže preventivnim korišćenjem ili u ranim fazama infekcije.
Karenca
7 dana za malinu
Koncentracija
1 l/ha
Primena
malina
Pakovanje
50 ml, 500 ml, 1 l","https://firebasestorage.googleapis.com/v0/b/web-shop-model.appspot.com/o/images%2F1762513573124-Atlas-Flow-Fungicid1.jpg?alt=media&token=b5611772-e3ec-4fb3-9440-908fde66935b"
"Tm4X8aJYbDPc8PSBlcoy","Bacillo Stoper","Zaštita bilja","Organski preparati","Bacilomix","1","false","","BIOFUNGICID I BIOBAKTERICID I PRVI LIOFILIZOVANI MIKROBIOLOŠKI PREPARAT NA DOMAĆEM TRŽIŠTU!
BACILLO STOPER je monovalentan mikrobiološki preparat koji sadrži efektivan soj mikroorganizma, Bacillus amyloliquefaciens soj BA 12, koji ima izraženu moć kompeticije sa autohtonom mikrobnom populacijom, visok stepen sposobnosti preživljavanja i adaptacije na novonastale uslove u kojima treba da ostvari svoju najbolju efektivnost.

Bacillus amyloliquefaciens soj BA 12 je izolovan iz rizosfere lekovitih biljaka sa zaštićenog područja srpskih planina. Zbog specifičnosti biohemije lekovitih biljaka, mikroorganizmi koji opstanu u njihovoj rizosferi imaju daleko veću efikasnost u odnosu na izolovane iz rizosfere gajenih ili samoniklih biljaka.","https://firebasestorage.googleapis.com/v0/b/web-shop-model.appspot.com/o/images%2F1764232721527-bacilo%20stoper.png?alt=media&token=4ba858cf-7fe5-41ff-944b-e71c14523efa"
"K0QgAu9OhF8ZiV9BNSmT","Bacilomix Biotic B","Ishrana bilja","Mikrobiološka đubriva","Bacilomix","1","false","","BIOTIC B je 100% organski preparat za SVE POVRTARSKE KULTURE, pogodan za primenu u konvencionalnoj i organskoj proizvodnji!

Stimuliše klijanje, ukorenjavanje i rast biljaka.100
Poboljšava mikrobiološku strukturu zemljišta.100
Održava biljku zdravom tokom cele vegetacije.100
Povećava otpornost biljaka na stres.100
Snabdeva biljku azotom, fosforom, kalijumom i sumporom.

ZA TRETMAN SEMENA
Prvi tretman se preporučuje odmah po setvi semena u kontejnere zalivanjem u dozi 0,5-1% (50-100ml u 10L vode) ili potapanjem lukovica i krtola u 10% rastvor preparata.

ZA TRETMAN ZEMLJIŠTA
BIOTIC B je odličan STARTER I OPLEMENJIVAČ ZEMLJIŠTA, te se zbog toga, neposredno pre setve ili rasađivanja, zemljište isprska sa 1-1,5 L/ha preparata, a potom se setvospremira, ili se sistemom kap po kap odmah po rasađivanju biljaka unese 1-1,5 L/ha.

ZA FOLIJARNI TRETMAN
Izvodi se prskanjem samostalno ili sa pesticidima u količini od 1-3 L/ha, primenjvanjem više puta u toku vegetacije 0,5-1% rastvorom.

ZALIVANJE SISTEMOM KAP PO KAP
Po rasađivanju biljaka pa do kraja vegetacije, redovnim zalivanjem sistemom kap po kap, u količini 1-1,5 L/ha na godišnjem nivou, u intervalima 10-14 dana.","https://firebasestorage.googleapis.com/v0/b/web-shop-model.appspot.com/o/images%2F1764233425155-BioticHome.png?alt=media&token=0a4b8362-66b8-41d7-8ee8-39d31091e25b"
"36L0zycmIu0oJ9OBKWYd","Bacilomix Botrix B","Ishrana bilja","Mikrobiološka đubriva","Bacilomix","1","false","","za voćarske kulture i vinovu lozu
BOTRIX B je polivalentan mikrobiološki preparat koji sadrži efektivne sojeve mikroorganizama, Bacillus subtilis soj BS 2, Bacillus subtilis soj BS 10, i Bacillus subtilis soj BS 20.

Oni imaju izraženu moć kompeticije sa autohtonom mikrobnom populacijom, visok stepen sposobnosti preživljavanja i adaptacije na novonastale uslove u kojima treba da ostvari svoju najbolju efektivnost. Osim živih bakterijskih ćelija preparat sadrži i stimulatore rasta biljaka mikrobiološkog porekla: gibereline, auksine, citokinine, vitamine i druge materije rasta.

ZA TRETMAN ZEMLJIŠTA
BOTRIX B je odličan STARTER zbog visoke koncentracije bakterijskih ćelija koje proizvode stimulatore rasta, biljne hormone i vitamine.

Preporuka je da se primeni nakon sadnje biljaka ili na početku vegetacije zalivanjem sistemom kap po kap u količini od 3l/ha.

ZA FOLIJARNI TRETMAN
Izvodi se prskanjem samostalno ili sa pesticidima u količini od 2l/ha, a po potrebi i u većim koncentracijama od 0,5 do 1%.

Prvi tretman preparatom Botrix B se preporučuje na početku vegetacije. Sa primenom je potrebno nastaviti više puta do samog kraja vegetacije, a SPECIJALNO u osetljivim fenološkim fazama biljaka i u stresnim uslovima izazvanim biotičkim i abiotičkim faktorima radi bržeg oporavka (antistres korektor)","https://firebasestorage.googleapis.com/v0/b/web-shop-model.appspot.com/o/images%2F1764233310283-BotrixHome.png?alt=media&token=1df2d830-8b0d-40a9-b5cb-33c300252309"
"WtXAyhkz7iKVnjXcKPpF","Bacilomix Gramino B","Ishrana bilja","Mikrobiološka đubriva","Bacilomix","1","false","","GRAMINO B za ratarske kulture!
GRAMINO B je polivalentan mikrobiološki preparat koji sadrži efektivne sojeve mikroorganizama, koji imaju izraženu moć kompeticije sa autohtonom mikrobnom populacijom, visok stepen sposobnosti preživljavanja i adaptacije na novonastale uslove u kojima treba da ostvari svoju najbolju efektivnost. Osim živih bakterijskih ćelija preparat sadrži i stimulatore rasta biljaka mikrobiološkog porekla – gibereline, auksine, citokinine, vitamine i druge.

Stimuliše klijanje, ukorenjavanje i rast biljaka.100
Poboljšava mikrobiološku strukturu zemljišta.100
Održava biljku zdravom tokom cele vegetacije.100
Povećava otpornost biljaka na stres.100
Razlaže žetvene ostatke.100
Snabdeva biljku azotom, fosforom, kalijumom, sumporom, gvožđem i neophodnim mikroelementima.30
","https://firebasestorage.googleapis.com/v0/b/web-shop-model.appspot.com/o/images%2F1764233084810-GraminoHome.png?alt=media&token=f15d2b4e-17e3-4996-8a9e-b868ac28bd5b"
"lGmVEKyMZW8txDVWnUZd","Bacilomix Orginal","Ishrana bilja","Mikrobiološka đubriva","Bacilomix","1","false","","Supermoći Bacillomix Originala
100% prirodan mikrobiološki biostimulator i oplemenjivač zemljišta, sa povećanim sadžajem živih bakterijskih ćelija dobijenih iz 12 moćnih Bacillus sp. sojeva.

Stimuliše klijanje, ukorenjavanje i rast biljaka.100
Poboljšava mikrobiološku strukturu zemljišta.100
Održava biljku zdravom tokom cele vegetacije.100
Povećava otpornost biljaka na stres.100
Razlaže žetvene ostatke.100
Snabdeva biljku azotom, fosforom, kalijumom i sumporom.

BROJ TRETIRANJA U TOKU VEGETACIJE: od jedan do deset i više puta u zavisnosti od načina primene.

Primenjuje se kao 0,5 i 1% rastvor za FOLIJARNO tretiranje svih biljaka, kao STARTER za sve biljke i zemljišni OPLEMENJIVAČ unošenjem u zemlju inkorporacijom, ZALIVANJEM sistemima kap po kap, dok se za tretman semena i kod rasađivanja rasada može koristiti u koncetracijama i do 10%. Može se primenjivati u konvencionalnoj i organskoj poljoprivrednoj proizvodnji.","https://firebasestorage.googleapis.com/v0/b/web-shop-model.appspot.com/o/images%2F1764232970494-bacilomix%20orginal.png?alt=media&token=81a640fb-a5d6-4f95-989c-c27a0b1de95f"
"GSsozjuvGXarcfxnRg0v","Bacilomix Razor B","Ishrana bilja","Mikrobiološka đubriva","Bacilomix","1","false","","za razlaganje žetvenih ostataka
RAZOR B je polivalentan mikrobiološki preparat koji sadrži efektivne sojeve mikroorganizama, koji imaju izraženu moć kompeticije sa autohtonom mikrobnom populacijom, kao i visok stepen sposobnosti preživljavanja i adaptacije na novonastale uslove u kojima treba da ostvari svoju najbolju efektivnost.

Bakterijski sojevi koji ulaze u sastav preparata su mineralizatori humusa, polisaharida, proteina, ugljovodonika i drugih organskih materija.
UPOTREBA: RAZOR B se primenjuje kao rastvor za tretiranje zemljišta, žetvenih ostataka ratarskih i povrtarskih kultura, ostataka voća i vinove loze nakon orezivanja i berbe, ostataka cveća i na početku kompostiranja svih ostataka iz poljoprivredne proizvodnje, u količini od 1–1,5l/ha u zavisnosti od biljne kulture.
","https://firebasestorage.googleapis.com/v0/b/web-shop-model.appspot.com/o/images%2F1764233164172-RazorHome.png?alt=media&token=bfecd4db-25e4-42eb-aa69-7ef4da73647f"
"hSVW4ECh1dhyArEIlACt","Bacilomix Semennops ","Ishrana bilja","Mikrobiološka đubriva","Bacilomix","1","false","","SEMENNOPS ZA TRETMAN SEMENA I SADNOG MATERIJALA
Snažan start za pun prinos sa SemennOps preparatom koji se koristi u proizvodnji ratarskih, povrtarskih i voćarskih biljnih vrsta, kao i u cvećarstvu.","https://firebasestorage.googleapis.com/v0/b/web-shop-model.appspot.com/o/images%2F1764232849470-SemennopsHome.png?alt=media&token=0ac67de2-443c-401e-9494-07093052bedc"
"MYPPoBSev5cTeUJ28a5u","Bakarni Oksihlorid","Zaštita bilja","Fungicidi","Galenika Fitofarmacija","1","false","","Opis
Preventivni fungicid širokog spektra delovanja za suzbijanje prouzrokovača bolesti u jabučastom i koštičavom voću, vinovoj lozi, ratarstvu i povrtarstvu
Proizvođač
GALENIKA-FITOFARMACIJA a.d.
Aktivne Materije
50% bakra iz bakar-oksihlorida
Formulacija
kvašljivi prašak - WP
Delovanje
Delovanje bakar-oksihlorida zasniva se na aktivnosti Cu2+ katjona. Pri primeni bakarni-oksihlorid oslobađa Cu2+ koji prodire u spore gljiva i inhibira enzimske procese. Gljive ne mogu da razviju rezistentnost na bakarne preparate zbog njihovog višestrukog mehanizma delovanja. Pored fungicidnog bakarni-oksihlorid ispoljava i sporedno baktericidno delovanje.
Karenca
28 dana - vinova loza
14 dana - hmelj, krompir,paradajz, karfiol, brokoli, rotkvica, slačica
10 dana - plavi patlidžan (na otvorenom)
5 dana - pasulj, grašak, boranija, tikvice
3 dana - plavi patlidžan (u zatvorenom), tikva, dinja, bundeva, lubenica
obezbeđena vremenom primene - voćnjaci
Koncentracija
0,5-0,75%
1.5-3 kg/ha
Primena
jabuka, kruška, breskva, kajsija, badem, šljiva, višnja, trešnja, vinova loza, hmelj, krompir, paradajz, leska, plavi patlidžan, pasulj, grašak, boranija, karfiol, brokoli, rotkvica, slačica, tikvica, tikva, bundeva, dinja, lubenica
Pakovanje
75 g, 1 kg","https://firebasestorage.googleapis.com/v0/b/web-shop-model.appspot.com/o/images%2F1762513710601-bakarni_oksihlorid_50_b.jpg?alt=media&token=2cffa814-d481-4690-b587-8da3e2df0ea1"
"8FU87FtjkrI5InzYeKK8","Baktersol K","Ishrana bilja","Mikrobiološka đubriva","Agritalia","1","false","","SASTAV PROIZVODA:
Mikorize
2%;
Rizosferni mikroogranizmi za mobilizaciju kalijuma
1 x 10¹°/cm³;

Baktersol K je liofilizovano mikrobiološko đubrivo, koje služi za veću mobilnost kalijuma.
Iako ne ulazi u organska jedinjenja biljaka, kalijum je jedan od najznačajnijih elemenata, koji igra veoma važnu ulogu u biljnoj proizvodnji.
Organske kiseline i enzimi koji nastaju kao produkt upotrebe Baktersol K čine blokiran kalijum dostupnim i omogućavaju povećan prinos i bolji kvalitet gajenih biljaka.
Primenjuje se folijarno, inkorporacijom u zemljište u gajenju svih biljnih kultura, pre kao i nakon izvršene setve, odnosno sadnje, tokom cele vegetacije.
Opšta preporuka je 25-50g/ha","https://firebasestorage.googleapis.com/v0/b/web-shop-model.appspot.com/o/images%2F1764322467656-Baktersol-K.jfif?alt=media&token=a1687de6-9b30-4f58-b7e3-db3496aa0766"
"lurXfguXVpDmmM9bwzFn","Baktersol N","Ishrana bilja","Mikrobiološka đubriva","Agritalia","1","false","","SASTAV PROIZVODA:
Mikorize
2%;
Rizosferni mikroorganizmi za usvajanje azota
1 x 10¹°/cm³.
Baktersol N je liofilizovano mikrobiološko đubrivo koje čine slobodni azotofiksatori.
70% vazduha čini azot N2 koji slobodni azotofiksatori transformišu u oblik pristupačan gajenim biljkama.
Baktersol N pomaže biljci da usvoji i do 60 kg azota po hektaru što
omogućava značajno smanjenje upotrebe veštačkih azota.
Koristi se u proleće, u periodu koji prethodi fazi vegetacije kada biljke počinju da imaju intenzivnu potrebu za azotom.
Opšta preporuka je 25-50g/ha.
 ","https://firebasestorage.googleapis.com/v0/b/web-shop-model.appspot.com/o/images%2F1764322240081-baktersol-N-gvpj.jpg?alt=media&token=fe07c1bd-00fa-4d39-b3a7-635d512109a8"
"2T9FPfFaF9C4UpvfETSg","Baktersol P","Ishrana bilja","Mikrobiološka đubriva","Agritalia","1","false","","SASTAV PROIZVODA:
Mikorize
2%;
Rizosferni mikroorganizmi za razlaganje fosfora
1 x 10¹°/cm³;

Baktersol P je Liofilizovano mokrobiološko đubrivo koje razlaže fosfor koji se već nalazi u zemljištu ili je blokiran.
Fosfor je jedan od najvažnijih hranljivih elemenata, čiji nedostatak direktno utiče na smanjen rast i razvoj biljaka.
Mikroorganizmi u Baktersolu P igraju značajnu ulogu u rastvaranju i lakšem usvajanju fosfora.
Primenjuje se folijarno, inkorporacijom u zemljište u gajenju svih biljnih kultura, pre kao i nakon izvršene setve, odnosno sadnje, tokom cele vegetacije.
Opšta preporuka je 25-50g/ha.","https://firebasestorage.googleapis.com/v0/b/web-shop-model.appspot.com/o/images%2F1764322358156-Baktersol-P.jfif?alt=media&token=26376beb-2c2a-40af-b0d2-0772a9f55215"
"MiKMvGbFKhRF7OkBXsEs","Balb","Zaštita bilja","Fungicidi","Galenika Fitofarmacija","1","false","","Opis
Sistemični fungicid za suzbijanje bolesti u povrtarstvu i cvećarstvu
Proizvođač
GALENIKA-FITOFARMACIJA a.d.
Aktivne Materije
Propamokarb hidrohlorid
Formulacija
koncentrovani rastvor - SL
Delovanje
Balb je sistemični fungicid koji sadrži aktivnu supstancu propamokarb-hidrohlorid iz grupe karbamata. Zahvaljujući dobrom usvajanju putem korena, kao i izraženoj transportabilnosti ksilemom u nadzemne delove, preparat Balb predstavlja osnovu zaštite rasada povrća od gljivičnih prouzrokovača bolesti. Svoj mehanizam delovanja ispoljava inhibicijom sinteze fosfolipida i masnih kiselina, što ometa formiranje ćelijskih membrana gljive i dovodi do njihovih uginuća.
Karenca
14 dana - krastavac, tikva, tikvica, dinja, bundeva, lubenica
35 dana - paprika
obezbeđena vremenom primene - lala
Koncentracija
0,15-0,3%
Primena
krastavac, tikva, tikvica, bundeva, dinja, lubenica, paprika, lala
Pakovanje
100 ml","https://firebasestorage.googleapis.com/v0/b/web-shop-model.appspot.com/o/images%2F1762513795297-balb.webp?alt=media&token=2053d5dd-c7d1-4e65-bb82-c04aceb3e136"
"pIIbUG6mA54m9aG4bo21","Basar","Zaštita bilja","Herbicidi","Galenika Fitofarmacija","1","false","","Opis
Selektivni herbicid za suzbijanje jednogodišnjih travnih i širokolisnih korova u usevu kukuruza, soje, šećerne repe, suncokreta
Proizvođač
GALENIKA-FITOFARMACIJA a.d.
Aktivne Materije
S-metolahlor
Formulacija
koncentrat za emulziju - EC
Delovanje
Basar je selektivni herbicid na bazi S-metolahlora iz grupe hloracetamida. Po svojim osobinama ubraja se među aktivne supstance sa najdužim rezidualnim delovanjem u zemljištu. Nakon aplikacije korovi ga usvajaju tokom klijanja i početkom nicanja. Svojim mehanizmom inhibira proces ćelijske deobe i sintezu masnih kiselina, čime se zaustavlja razvoj korova u ranoj fazi.
Karenca
70 dana - silažni kukuruz
Obezbeđena vremenom primene - kukuruz za zrno, soja, šećerna repa, suncokret
Koncentracija
1-1,5 l/ha
Primena
kukuruz, soja, šećerna repa, suncokret
Pakovanje
200 ml, 1 l, 5 l","https://firebasestorage.googleapis.com/v0/b/web-shop-model.appspot.com/o/images%2F1762509079148-basar%20galenika.webp?alt=media&token=2ef5fda1-231f-4f58-858c-a798d5fa8d33"
"DKrX4SX2xHbZ5WMLr4Kd","Bioflex L","Ishrana bilja","Tečna đubriva i biostimulatori","Fertico","1","false","","• Tečno biostimulativno đubrivo visokog stepena efikasnosti
• Formulisano na bazi algi (25%)
• Brzo vidljivi efekti na gajenim biljkama
• Stimuliše vegetativni porast, deobu meristemskih ćelija, kvalitetnije formiranje i nalivanje plodova
• Doprinosi zdravijim i prinosnijim usevima
• Primenjuje se tokom celokupnog vegetacionog perioda
• Primena: Folijarno u koncentraciji od 0.3 % do 1 % (voćarstvo 2-4 l/ha, ratarstvo 1 l/ha, povrtarstvo 0.3 do 0.5%)","https://firebasestorage.googleapis.com/v0/b/web-shop-model.appspot.com/o/images%2F1741767545737-2.jpg?alt=media&token=215c2955-15ac-4c57-bcfd-922a3e05a995"
"d7YBRbXb3ejQXSVPZ72o","Bioflex-P","Ishrana bilja","Tečna đubriva i biostimulatori","Fertico","1","false","","• Praškasto biostimulativno đubrivo visoke efikasnosti
• Brzo vidljivi efekti na gajenim biljkama.
• Stimuliše vegetativni porast, deobu meristemskih ćelija, kvalitetnije formiranje i nalivanje plodova
• Doprinosi zdravijim i prinosnijim usevima
• Primenjuje se tokom celokupnog vegetacionog perioda
• Primena: Fertigaciono 1-3 kg/ha

Sadržaj ekstrakta algi: 850 g/kg

","https://firebasestorage.googleapis.com/v0/b/web-shop-model.appspot.com/o/images%2F1741769137684-FITOFERT-BIOFLEX-P.jpg?alt=media&token=44b44901-c4a8-4616-a5e1-41179fe48399"
"UMrtitS5K3pyZ4oUxVWe","Bombardier ","Ishrana bilja","Tečna đubriva i biostimulatori","Kimitec","1250","false","","BOMBARDIER je biostimulator i biođubrivo 100% biljnog porekla s potpunim i raznovrsnim sadržajem slobodnih aminokiselina, zbog svog posebnog procesa prirodnog prikupljanja bakterijskom fermentacijom. Ovaj postupak daje specifičan ali potpuni aminogram; Fulvinske kiseline s kompleksnom snagom i strukturalnim poboljšanjem tla; organska materija odlična u regeneraciji mikrobne flore; i azot, izvor ishrane organskim N. Takođe obezbeđuje prirodne biostimulante kao što su betaini, auksini, vitamini, ugljeni hidrati i nekoliko polisaharida, koji pružaju dodatne pogodnosti za biljke.

 AMINOGRAM	% w / w
Glutaminska kiselina	9.09
Alanin	1.65
Aspartanska kiselina	1.39
Proline	0.52
Ostale amino kiseline	0.35
TOTAL	13.00","https://firebasestorage.googleapis.com/v0/b/web-shop-model.appspot.com/o/images%2F1740857441462-bombardier.png?alt=media&token=7dbc6b05-c1f8-4205-9a57-c8d8f3c70dff"
"WyLsnO6jwuYpQaJTPxKh","Bonaca","Zaštita bilja","Herbicidi","Galenika Fitofarmacija","1","false","","Opis
Translokacioni herbicid za suzbijanje širokolisnih korova u strnim žitima, kukuruzu, zasadima voća i vinove loze, na pašnjacima i u luku
Proizvođač
GALENIKA-FITOFARMACIJA a.d.
Aktivne Materije
Fluroksipir u obliku fluroksipir-meptila
Formulacija
koncentrat za emulziju - EC
Delovanje
Bonaca je folijarni translokacioni herbicid karakterističnog mehanizma delovanja. Na korove deluje kao indolsirćetna kiselina (sintetički auksin) izazivajući prekomernu i nekontrolisanu deobu ćelija, što dovodi do pojave karakterističnih simptoma deformacija i kovedžanja biljnog tkiva. Jedan sat nakon aplikacije korovi ga u potpunosti usvajaju i nema opasnosti od spiranja usled iznenadnih padavina.
Karenca
Obezbeđena vremenom primene - pšenica, ječam, kukuruz, voće, vinova loza, crni luk
Koncentracija
0,4-2 l/ha
Primena
strna žita, kukuruz, pašnjaci, voćarstvo, vinova loza, crni luk
Pakovanje
200 ml, 1 l, 5 l","https://firebasestorage.googleapis.com/v0/b/web-shop-model.appspot.com/o/images%2F1762509214505-bonaca.webp?alt=media&token=ba128ba1-a418-4d8c-bc28-23cdc8fec916"
"XNzxoPj9v6NXNTXwTtsN","Bor-Amin 150","Ishrana bilja","Đubriva na bazi mikroelemenata","Fertico","1","false","","• Tečno đubrivo na bazi bora, u obliku etanol-aminskog bora.
• Pogodan za folijarne tretmane.
• Primena: od 1 do 2 l/ha.

Sadržaj B u proizvodu: 150 g/l

","https://firebasestorage.googleapis.com/v0/b/web-shop-model.appspot.com/o/images%2F1741768702661-FITOFERT-BOR-AMIN-150.jpg?alt=media&token=5ff8acc3-4a12-46e4-95eb-8e55e8c2eb5e"
"7F73aOyNTeqwiPr1Ix02","Bordovska Čorba","Zaštita bilja","Fungicidi","Galenika Fitofarmacija","1","false","","Opis
Savremena formulacija najstarijeg protektivnog fungicida
Proizvođač
GALENIKA-FITOFARMACIJA a.d.
Aktivne Materije
Bakar u obliku smeše bakar (II) sulfata pentahidrata i kalcijum hidroksida
Formulacija
koncentrovana suspenzija - SC
Delovanje
Bordovska čorba 100 SC je protektivni fungicid na bazi bakarnog sulfata. Iako spada među najstarije proizvode u zaštiti bilja i dalje ispoljava visoku efikasnost. Proizvod je formulisan po savremenoj tehnologiji u vidu tečne koncentrovane suspenzije-SC, koja omogućava brzu i potpunu disocijaciju katjona bakra u rastvoru. deluje nespecifično, sprečava klijanje spora putem inhibicije enzima. Zbog višestrukog mehanizma delovanja, patogeni ne razvijaju rezistentnost na ovo jedinjenje. Pored fungicidnog ispoljava i baktericidno delovanje.
Karenca
21 dan - vinova loza (stone sorte)
28 dana - vinova loza (vinske sorte)
Koncentracija
2,5%
Primena
vinova loza
Pakovanje
300 ml, 1 l","https://firebasestorage.googleapis.com/v0/b/web-shop-model.appspot.com/o/images%2F1762513971853-Bordovska-Corba.webp?alt=media&token=b0973c42-2c52-42f9-9e33-576e9ac62fd4"
"z6FUbLhHHTp1k4W19low","Bormax 20","Ishrana bilja","Đubriva na bazi mikroelemenata","Fertico","1","false","","• Vodotopivi prah na bazi bora (B).
• Sadrži 20% bora u obliku lako usvojivog boratnog anjona (dinatrijum oktaborat tetrahidrat).
• Namenjeno pre svega za folijarne tretmane.
• Primena: folijarno od 1 do 3 kg/ha

Sadržaj B u proizvodu: 200 g/kg

","https://firebasestorage.googleapis.com/v0/b/web-shop-model.appspot.com/o/images%2F1741768654621-FITOFERT-BOR-MAX-20.jpg?alt=media&token=7829432c-52da-4c13-bc3d-437dce9a9791"
"qUKozxFkfWZfxUC7lpCN","Brexil Mix","Ishrana bilja","Đubriva na bazi mikroelemenata","Valagro","1","false","","Rešenje za uklanjanje simptoma nedostatka mikroelemenata. Cink (Zn), magnezijum (Mg) i gvožđe intervenišu u fotosintetskom procesu, dok mangan (Mn) ima glavnu ulogu u formiranju karotenoida. Bakar (Cu) ima važnu ulogu u formiranju i održivosti polena što direktno utiče na formiranje plodova i sintezi ugljenih hidrata, a molibden (Mo) ima posebni značaj na formiranje polena, tako da se formiranje semenki i plodova reducira ukoliko biljka nema dovoljne količine ovog elementa.

Selektivne formulacije kod Brexil linije odlikuju se izuzetnom efikasnošću prodiranja mikroelemenata bez ikakvog rizika od fitotoksičnosti u svim razvojnim fazama biljke. Primenjuje se folijarnim tretmanom I namenjen je svim biljnim kulturama radi prevencije ili lečenje simptoma nedostataka mikroelemanata.","https://firebasestorage.googleapis.com/v0/b/web-shop-model.appspot.com/o/images%2F1764234700837-brexil%20mix.jpg?alt=media&token=fdcdae15-35c8-494a-9bf5-8f6ea7627db7"
"GfyQWcOuWtJVJtHoOM6K","Ca-Apple","Ishrana bilja","Đubriva na bazi mikroelemenata","Fertico","1","false","","• Tečno folijarno kalcijumovo đubrivo
• Na bazi kalcijum – hlorida
• Namenjeno za dopunsku ishranu zasada jabuka i krušaka u fazi pigmentacije plodova
• Primena: 3 – 5 l/ha

Sadržaj CaO u proizvodu: 236 g/l","https://firebasestorage.googleapis.com/v0/b/web-shop-model.appspot.com/o/images%2F1741768290524-6.jpg?alt=media&token=1d7df213-426d-4f66-a9cc-444446e49098"
"MPCs4RDTWKi5ZtSwP4n1","Cal-Amino 15","Ishrana bilja","Đubriva na bazi mikroelemenata","Fertico","1","false","","• Tečno folijarno đubrivo na bazi kalcijuma i aminokiselina
• Namenjeno za voćarske i povrtarske zasade nakon obrazovanja ploda pa sve do pojave pigmentacije plodova
• Idealno bi bilo tretmane obaviti na temperaturama vazduha do 25 stepeni
• Primena: voćarstvo 3 do 5 l/h
Sadržaj CaO u proizvodu: 210 g/l","https://firebasestorage.googleapis.com/v0/b/web-shop-model.appspot.com/o/images%2F1741767826444-3.jpg?alt=media&token=96b17e4d-1249-43d5-96b3-24ac6c924046"
"hHIahP2fqYxKkIfjjB25","Calcium Organo 30","Ishrana bilja","Đubriva na bazi mikroelemenata","Fertico","1","false","","• Vodotopivi prah na bazi organski vezanog kalcijuma
• Niska EC vrednost
• Koristi se pred berbu i/ili u toku berbe
• Održava optimalnu trvdoću i transportabilnost plodova
• Kompatibilan za mešanje
• Primena: u voćarstvu od 2 do 4 kg/ha, u povrtarstvu od 0.2 % do 0.5 %

Sadržaj organski vezanog CaO: 300 g/kg","https://firebasestorage.googleapis.com/v0/b/web-shop-model.appspot.com/o/images%2F1741767955077-fitofert-calcium-organo-30.jpg?alt=media&token=84eb45a4-2ad6-4560-a444-8bd620dbf84b"
"3VCbrd187BXxfkqiW3Jr","Celer rebraš Tango F1","Seme i sadnice","Seme povrtarskih kultura","Bejo Zaden","1","false","","Celer rebraš dugačke, vrlo glatke peteljke. Veoma je male osetljivosti na postrano izbijanje listove i  dugo može stajati u polju. Namenjen je za berbu tokom leta i jeseni. Sveže zelena boja lista.

Proizvođač: Bejo Zaden
Kultura: Celer rebraš
Pakovanje: 10000s
Namena: Profesionalna
F1/sorta: F1
Zemlja porekla: Holandija","https://firebasestorage.googleapis.com/v0/b/web-shop-model.appspot.com/o/images%2F1762588175723-tango%20celer.jpg?alt=media&token=dcd14e15-65b4-47ed-a026-3cf4a9dd471f | https://firebasestorage.googleapis.com/v0/b/web-shop-model.appspot.com/o/images%2F1762588177535-tango%202.jpg?alt=media&token=c7a08b97-aac9-4a8f-aabc-f8c38fb29e34 | https://firebasestorage.googleapis.com/v0/b/web-shop-model.appspot.com/o/images%2F1762588180862-tango%20kesica.jpg?alt=media&token=d8a05fdb-5b20-492d-94b6-2750bf99393e"
"HFDws1BTGIbjNVLBTqWM","Cink Organo 14","Ishrana bilja","Đubriva na bazi mikroelemenata","Fertico","1","false","","• Praškasto đubrivo na bazi cinka (Zn) u EDTA helatnom kompleksu.
• Doprinosi bržem metabolizmu azota u biljci.
• Rešava simptome nedostatka cinka kod gajenih biljaka.
• Preporuka je da se koristi preventivno na alkalnim zemljištima (pri pH vrednostima višim od 7).
• Primena: folijarno od 0.1% do 0.2%, fertigaciono od 2 do 10 kg/ha.

Sadržaj Zn u proizvodu: 140 g/kg

","https://firebasestorage.googleapis.com/v0/b/web-shop-model.appspot.com/o/images%2F1741768898714-FITOFERT-CINK-ORGANO-14.jpg?alt=media&token=ffc6f973-a7f5-4311-b4b8-a66c48dfed91"
"YY6zvn61rSAj9ddiZPfF","Cipkord","Zaštita bilja","Insekticidi","Galenika Fitofarmacija","1","false","","Opis
Kontaktni insekticid širokog spektra delovanja
Proizvođač
GALENIKA-FITOFARMACIJA a.d.
Aktivne Materije
Cipermetrin
Formulacija
koncentrat za emulziju - EC
Delovanje
Modulirajući natrijumove kanale nervnih vlakana, cipermetrin, kao i ostali insekticidi iz grupe piretroida, prouzrokuje poremećaj u protoku nervnih impulsa, usled čega kao krajnja posledica nastaje uginuće tretiranih jedinki. Ovaj insekticid deluje kontaktnim putem na pokretne stadijume insekata. Kada se primeni u preporučenim količinama nivo njegovih ostataka obezbeđuje povoljnu dugotrajnost delovanja.
Karenca
14 dana - krompir, krastavac, paradajz
28 dana - voće, kupusnjače
35 dana - šećerna repa
56 dana - vinova loza
Koncentracija
0,015-0,03%
0.15-0.3 l/ha
Primena
jabuka, kruška, vinova loza, krastavac, paradajz, krompir, kupus, kelj, karfiol, keleraba, rotkvica, šećerna repa
Pakovanje
50 ml, 100 ml, 1 l","https://firebasestorage.googleapis.com/v0/b/web-shop-model.appspot.com/o/images%2F1761989652563-cipkord.jpeg?alt=media&token=02c93d4f-bd82-4c68-becb-cf63a141b432"
"xKSEDTdCV8YUSYd7ZC08","Combivit Complex 14","Ishrana bilja","Đubriva na bazi mikroelemenata","Fertico","1","false","","• Praškasto đubrivo na bazi mikroelemenata u obliku DTPA i EDTA helatnih kompleksa
• Sadrži gvožđe, cink, mangan, bakar, bor i molibden
• Primenjuje se folijarno i fertigaciono
• Prilagodljiv svim tipovima zemljišta
• Primena: folijarno od 0.1% do 0.5%, fertigaciono od 2 kg/ha do 5 kg/ha.","https://firebasestorage.googleapis.com/v0/b/web-shop-model.appspot.com/o/images%2F1741769008688-FITOFERT-COMBIVIT-COMPLEX-14.jpg?alt=media&token=a8257d8b-d724-4409-bd6d-9b086ae81057"
"YBwOXrwXTOG1HzqblE9J","Cosavet 80-DF","Zaštita bilja","Fungicidi","Galenika Fitofarmacija","1","false","","Opis
Nesistemični protektivni fungicid sa kontaktnim delovanjem za suzbijanje prouzrokovača bolesti u voćarstvu i vinogradarstvu
Proizvođač
Sulphur Mills Limited
Aktivne Materije
Sumpor
Formulacija
vododisperzibilne granule - WG
Delovanje
Primenjuje se za suzbijanje prouzrokovača pepelnica. Slobodni molekuli elementarnog sumpora su rastvorljivi u lipidima i lako prodiru kroz ćelijski zid spora ili hife gljiva. U ćeliji patogena deluje na oksido-redukcione procese i brzo dovodi do njihovog uginuća. Pored fungicidnog delovanja pare sumpora ispoljavaju i sporedno akaricidno delovanje. Fitopatogene gljive ne mogu da razviju rezistentnost na ovu aktivnu supstancu.
Karenca
14 dana - jabuka
28 dana - vinova loza
Koncentracija
0.3 %
5-7 kg/ha
Primena
jabuka, vinova loza
Pakovanje
1 kg, 25 kg","https://firebasestorage.googleapis.com/v0/b/web-shop-model.appspot.com/o/images%2F1762514942449-COSAVET-80-DF-sumpor-800-g-kg-1-kg.webp?alt=media&token=a9f3e9bd-39ff-4ef5-83d9-4cce4d6b165a"
"Ltu4RiiSAWdxELKALRrA","Cuprozin 35 WP","Zaštita bilja","Fungicidi","Galenika Fitofarmacija","1","false","","Opis
Preventivni fungicid širokog spektra delovanja za suzbijanje prouzrokovača bolesti voća i povrća
Proizvođač
Cosaco
Aktivne Materije
Bakar iz bakar-oksihlorida
Formulacija
kvašljivi prašak - WP
Delovanje
Bakar oksihlorid je preventivni fungicid i baktericid. Deluje inhibirajući klijanje spora patogena. Gljive ne stvaraju rezistentnost na ovu supstancu zbog njenog višestrukog mehanizma delovanja.
Karenca
7 dana - krompir
28 dana - vinova loza
obezbeđena vremenom primene - jabuka, malina, kajsija, leska
Koncentracija
0,35%
2,2-3 kg/ha
Primena
jabuka, malina, vinova loza, kajsija, leska, krompir
Pakovanje
25 g, 250 g, 1 kg","https://firebasestorage.googleapis.com/v0/b/web-shop-model.appspot.com/o/images%2F1762515433466-cuprozin.jpg?alt=media&token=df5c0d9f-91f3-4605-a2f9-4c763040fbc7"
"ZkANUFSC6DvRLezIovjp","Detektor","Zaštita bilja","Herbicidi","Galenika Fitofarmacija","1","false","","Opis
Selektivni herbicid za suzbijanje jednogodišnjih i višegodišnjih širokolisnih korova u pšenici
Proizvođač
GALENIKA-FITOFARMACIJA a.d.
Aktivne Materije
Tribenuron - metil
Formulacija
vododisperzibilne granule - WG
Delovanje
Tribenuron - metil je selektivni, translokacioni herbicid iz hemijske grupe sulfonilurea. Suzbija jednogodišnje i višegodišnje širokolisne korove. Korovske biljke ga usvajaju folijarno i preko korena i brzo translociraju ksilemom i floemom. Sprečavajući proces obrazovanja acetolaktat sintetaze (ALS), ova aktivna materija prouzrokuje inhibiciju amino kiselilna valina i izoleucina, a potom zaustavlja deobu ćelija i rast biljaka.
Karenca
Obezbeđena vremenom primene - pšenica
Koncentracija
15-25 g/ha
Primena
pšenica
Pakovanje
10 g, 20 g, 100 g, 250 g","https://firebasestorage.googleapis.com/v0/b/web-shop-model.appspot.com/o/images%2F1762509391834-detektor1.jpg?alt=media&token=fbd83c00-3a15-4140-9024-f3f9e3aac158"
"KoCWGD7Hhm5ucwGQnn4b","Energy Active 15-5-33","Ishrana bilja","Kristalna vodootopiva đubriva","Fertico","1","false","","• Visok sadržaj lako usvojivog kalijuma
• Poseduje biostimulativnu ulogu kojadodatno podstiče razvoj biljaka
• Koristi se u većem deluvegetacionog perioda
• Obezbeđuje ranostasnost
• Produžava period eksploatacije biljaka","https://firebasestorage.googleapis.com/v0/b/web-shop-model.appspot.com/o/images%2F1741718362400-FITOFERT-ENEGRY-ACTIVE-2022-900x450px.png?alt=media&token=12b65798-78b5-4544-be2d-f1566da0ed56"
"Ds3cA9L0hpLdNhCl6zfH","Energy Balance 20-10-20","Ishrana bilja","Kristalna vodootopiva đubriva","Fertico","1","false","","• Izbalansiran odnos azota i kalijuma, uz smanjen sadržaj fosfora
• Podjednako dobro utiče na vegetativni porast, formiranje plodova i nalivanje plodova
• Najčešće se koristi kod slabije razvijene vegetativne mase i u stresnim uslovima

","https://firebasestorage.googleapis.com/v0/b/web-shop-model.appspot.com/o/images%2F1741718301288-FITOFERT-ENEGRY-BALANCE-2022-900x450px.png?alt=media&token=d9949c00-2028-4859-ae0a-03bfd095363a"
"gZyg7bYHcL6NGWWprJJr","Energy Complete 10-5-20+8CaO+2MgO+ME","Ishrana bilja","Kristalna vodootopiva đubriva","Fertico","1","false","","• NPK formulacija sa dodatnim kalcijumom i magnezijumom
• Namenjen za korišćenje u drugom delu vegetacionog perioda, od početka pigmentacije plodova do berbe
• Pospešuje dobijanje kvalitetnijih i transpotabilnijih plodova

","https://firebasestorage.googleapis.com/v0/b/web-shop-model.appspot.com/o/images%2F1741718591162-FITOFERT-ENEGRY-COMPLETE-2022-900x450px.png?alt=media&token=349c8ed3-5563-4fc6-95c5-40010d8157a0"
"DHJ4DCVy6AWRvF31ljiq","Energy Complete 14-7-15+14CaO+ME","Ishrana bilja","Kristalna vodootopiva đubriva","Fertico","1","false","","• Jedinstvena formulacija sa idealnim odnosom azota (N), kalijuma (K), i kalcijuma (Ca)
• Koristi se tokom celog vegetacionog perioda.
• Bez sadržaja sulfata
• Pozitivno utiče na razvoj svih organa biljaka
• Povećava otpornost gajenih biljaka
• Pospešuje dobijanje kvalitetnijih i transportabilnijih plodova","https://firebasestorage.googleapis.com/v0/b/web-shop-model.appspot.com/o/images%2F1741718489902-FITOFERT-ENEGRY-COMPLETE-A-2022-900x450px.png?alt=media&token=9cafbff9-79da-48c7-9194-c4b4fa8ecee9"
"UP27buAiIb4lqaQsefHk","Energy Finish 0-10-45","Ishrana bilja","Kristalna vodootopiva đubriva","Fertico","1","false","","• Jedinstvena formula sa visokim sadržajem kalijuma, bez prisustva azota
• Namenjen za sazrevanje i pigmentaciju plodova
• Doprinosi povećanju koncentracije suve materije u plodovima","https://firebasestorage.googleapis.com/v0/b/web-shop-model.appspot.com/o/images%2F1741718412121-FITOFERT-ENEGRY-FINISH-2022-900x450px.png?alt=media&token=e22b445c-6b43-469a-b423-10b634842de9"
"SFg83vfDGezIRSSSGcdS","Energy Root 5-55-10","Ishrana bilja","Kristalna vodootopiva đubriva","Fertico","1","false","","• Visok sadržaj lako usvojivog fosfora
• Izuzetna rastvorljivost đubriva
• Namenjeno pre svega za formiranje i razvoj korenovog sistema
• Bržim i efikasnijim usvajanjem fosfora u početnim fazama, bitno se utiče na pravilnu deobu i diferencijaciju ćelija kod biljaka, čime se obezbeđuje i visok prinos
• Inicira razvoj generativnih organa biljaka","https://firebasestorage.googleapis.com/v0/b/web-shop-model.appspot.com/o/images%2F1741718153588-FITOFERT-ENEGRY-ROOT-2022-900x450px.png?alt=media&token=bd08ab38-3b3f-40ee-a3c8-a432717ad1d3"
"yVgcQDK0Laa06Q0F1gnj","Etiol ultra","Zaštita bilja","Insekticidi","Galenika Fitofarmacija","1","false","","Opis
Nesistemični insekticid, sa kontaktnim i digestivnim delovanjem, namenjen za suzbijanje skladišnih štetočina tretiranjem zrna pšenice i kukuruza
Proizvođač
GALENIKA-FITOFARMACIJA a.d.
Aktivne Materije
Deltametrin + piperonil-butoksid (sinergist)
Formulacija
koncentrat za emulziju - EC
Delovanje
Deltametrin je nesistemični insekticid iz grupe piretroida. Remeti protok Na+ jona kroz nervnu membranu. Nakon primene dolazi do paralize nervnog sistema insekata kroz promene napona natrijumovih kanala nervnih vlakana, što prouzrukuje efekat brzog uginuća insekata. PBO kao sinergist ubrzava i pojačava dejstvo deltametrina i smanjuje mogućnost pojave rezistentnosti tretiranih insekata.
Karenca
7 dana - pšenica, kukuruz
Koncentracija
10 ml/1t merkantilnog zrna/1 l vode
40 ml/1 t semenskog zrna/ 1 l vode
Primena
pšenica,kukuruz
Pakovanje
100 ml, 300 ml","https://firebasestorage.googleapis.com/v0/b/web-shop-model.appspot.com/o/images%2F1761990216611-etiol%20ultra%201.jpg?alt=media&token=dd7cbc18-4d63-4eaa-b4cd-2feaae9d7b08"
"H0IqzXczLgC6t1AXjAif","Ferro Chell 6","Ishrana bilja","Đubriva na bazi mikroelemenata","Fertico","1","false","","• Praškasto đubrivo na bazi gvožđa u obliku EDDHA helatnog kompleksa
• Namenjen za fertigacionu primenu
• Jako dobro deluje i usvaja se u širokom pH opsegu (pH vrednost od 3 do 10)
• Reaguje jako dobro čak i na karbonatnim zemljištima
• Primena: fertigaciono od 2 do 10 kg/ha

Sadržaj Fe u proizvodu: 60 g/kg

","https://firebasestorage.googleapis.com/v0/b/web-shop-model.appspot.com/o/images%2F1741768805404-FITOFERT-FERRO-CHELL-6.jpg?alt=media&token=38ea0135-18d4-4da3-8e3b-40050a0c7b16"
"PxCq9sHRUAXmcFxTCtxC","Ferro Max 11","Ishrana bilja","Đubriva na bazi mikroelemenata","Fertico","1","false","","• Praškasto đubrivo na bazi gvožđa u obliku DTPA helatnog kompleksa
• Idealan za primenu preko sistema kap po kap na kiselim, blago kiselim i neutralnim zemljištima
• Folijarno se primenjuje, kao dopunska ishrana, na svim tipovima zemljišta, od kiselih do baznih
• Primena: folijarno od 0.1% do 0.3 %, fertigaciono od 3 do 5 kg/ha

Sadržaj Fe u proizvodu: 110 g/kg

","https://firebasestorage.googleapis.com/v0/b/web-shop-model.appspot.com/o/images%2F1741768756304-FITOFERT-FERRO-MAX-11.jpg?alt=media&token=29985191-a6eb-4bfc-a3ea-eaf093467551"
"b7gxDhGJQyCV7CUG9k5N","Fitofert Fulvimax 80","Ishrana bilja","Organska đubriva i poboljšivači zemljišta","Fertico","1","false","","• Vodorastvorni prah sa visokim sadržajem fulvinskih kiselina
• Utiče na pojačanu mobilizaciju i usvajanje fosfora
• Idealan za primenu na početku vegetacinog perioda (s proleća)

Primena: fertigaciono od 3 do 5 kg/ha

","https://firebasestorage.googleapis.com/v0/b/web-shop-model.appspot.com/o/images%2F1741769462190-FITOFERT-FULVIMAX-80.jpg?alt=media&token=b478fe24-1f98-428b-9887-b92f79d90607"
"Chc8tVZWRa9e84rxpprb","Fitofert Humistart ","Ishrana bilja","Tečna đubriva i biostimulatori","Fertico","1","false","","FitoFert HUMISTART 4:12:5  je organomineralno i biostimulativno hranivo u obliku koncentrovane suspenzije sa visokim sadržajem FOSFORA, HUMINSKIH, FULVINSKIH i AMINO kiselina, oplemenjeno ekstraktom ALGI i MIKROELEMENTIMA. Preparat predstavlja idealno rešenje za proizvodnju rasada i rane faze razvoja biljaka nakon presađivanja, a posebno u stanju stresa. Mehanizam dejstva ovog đubriva zasnovan je na sinergiji NPK materija i prisutnih biostimulativnih komponenti. Ove organske materije prirodnog porekla stimulišu niz pozitivnih biohemijskih procesa u ćelijama biljaka, pojačavaju asimilaciju hraniva i čine useve vitalnijim i otpornijim na stres i bolesti.
Primena:
folijarno koncentracijom 0,3% -1%
fertigac. konc. 0.1-0.3%.","https://firebasestorage.googleapis.com/v0/b/web-shop-model.appspot.com/o/images%2F1741717048991-4022.jpg?alt=media&token=63609cd8-dca4-4ab1-95b7-74e741bc8579"
"i4Lxn3FMTR3dgpyEPmrK","Fitofert Humisuper Plus ","Ishrana bilja","Tečna đubriva i biostimulatori","Fertico","1","false","","FITOFERT HUMISUPER PLUS 8:4:8 je đubrivo u obliku koncentrovane suspenzije, koje pored organski aktivnih komponenata sadrži huminske i fulvinske kiseline, kao i ugljenehidrate, betaine i lignosulfonate. U odnosu na stariju verziju ovog preparata (HUMISUPER 10:5:10), HUMISUPER PLUS sadrži povećan broj mikroelemenata a smanjen sadržaj NPK elemenata, što rezultira boljom rastvorljivošću proizvoda na niskim temperaturama. Organske materije prirodnog porekla stimulišu niz pozitivnih biohemijskih procesa u ćelijama biljaka, pojačavaju asimilaciju hraniva i čine useve vitalnijim i otpornijim na stres i bolesti. Sprovedeni ogledi potvrdili su izuzetnu efikasnost ovog preparata, kontrolu stresa i uvećanje prinosa.
Primena: folijarno u koncentraciji od 0.3% do 1% i fertigaciono 0.1%","https://firebasestorage.googleapis.com/v0/b/web-shop-model.appspot.com/o/images%2F1741717186687-humi-super.jpg?alt=media&token=8b0fd61e-0d3a-404a-ac05-6b72b946abd3"
"u78jZIYyjuX6TuT1YLYw","Fitofert K- Complex 20","Ishrana bilja","Tečna đubriva i biostimulatori","Fertico","1","false","","Paleta univerzalnih biostimulativnih đubriva, formulisana od komponenata prirodnog porekla i organskih kiselina. Preporučuje se upotreba proizvoda iz ove palete usled nastalih stresnih uslova za gajene kultre, izazvanih čestim i obilnim padavinama, temperaturnim inverzijama i ostalim nepovoljnim uslovima. Pored toga, proizvode je potrebno koristiti kao stimulatore otpornosti biljaka na stesne uslove, odnosno preventivno.
Primena: folijarno u koncentraciji od 0.3% do 0.5%","https://firebasestorage.googleapis.com/v0/b/web-shop-model.appspot.com/o/images%2F1741717710618-k%20complex.jpg?alt=media&token=218a73ce-9bf8-4052-a681-c6c073400292"
"ozPdPNhv2F64CnUA68Lg","Fitofert Liquid 12-4-6","Ishrana bilja","Tečna đubriva i biostimulatori","Fertico","1","false","","Fitofert LIQUID 12:4:6 je tečno folijarno đubrivo na bazi makro i mikro elemenata, namenjeno prihrani bilja u vreme intenzivnog rasta i formiranja plodova. Primenjuje se za prihranu u povrtarstvu, voćnjacima, vinogradima i ratarskim usevima. Uspešno stimuliše pravilno formiranje lisne mase kao i oformljavanje i rast plodova. Visoka koncentracija amidnog azota u sinergiji sa mikroelementima daje stimulativan efekat lisnoj masi gajenog bilja. Preparat je takođe pogodan za primenu sa folijarnim, selektivnim herbicidima, na bazi sulfonil-uree.","https://firebasestorage.googleapis.com/v0/b/web-shop-model.appspot.com/o/images%2F1741717891089-lllll.jpg?alt=media&token=06308814-f8d8-4d89-a5f8-ff6ac374474d"
"MedRlEG3iXuhZUb5ovDm","Fitofert Quatro","Ishrana bilja","Tečna đubriva i biostimulatori","Fertico","1","false","","Paleta univerzalnih biostimulativnih đubriva, formulisana od komponenata prirodnog porekla i organskih kiselina. Preporučuje se upotreba proizvoda iz ove palete usled nastalih stresnih uslova za gajene kultre, izazvanih čestim i obilnim padavinama, temperaturnim inverzijama i ostalim nepovoljnim uslovima. Pored toga, proizvode je potrebno koristiti kao stimulatore otpornosti biljaka na stesne uslove, odnosno preventivno.
Primena: folijarno od 0,3 do 1%","https://firebasestorage.googleapis.com/v0/b/web-shop-model.appspot.com/o/images%2F1741717476688-quatro.png?alt=media&token=85ea357b-fc71-46ae-a6e6-699bccb72128"
"tYOVktTStykOcYuUg0ug","Flux","Zaštita bilja","Fungicidi","Galenika Fitofarmacija","1","false","","Opis
Nesistemični i kontaktni folijarni fungicid za suzbijanje prouzrokovača bolesti u voćarstvu i povrtarstvu.
Proizvođač
GALENIKA-FITOFARMACIJA a.d.
Aktivne Materije
Fludioksonil
Formulacija
koncentrovana suspenzija - SC
Delovanje
Fludioksonil je sintetičko jedinjenje iz grupe fenilpirola sa jakim fungicidnim efektom. To je nesistemični fungicid širokog spektra delovanja sa dugom rezidualnom aktivnošću. Način delovanja je inhibicija fosforelacije povezane sa transportom kao i sprečavanje sinteze glicerola. Nakon aplikacije čvrsto se vezuje za voštani sloj biljnog tkiva. Najbolji rezultati se postižu preventivnim korišćenjem ili u ranim fazama infekcije. ima odličan toksikološki profil pa je klasifikovan kao ""fungicid sa smanjenim toksikološkim rizikom"". Pruža potpunu zaštitu plodova voća protiv najvažnijih skladišnih oboljenja.
Karenca
3 dana - kruška, višnja, šljiva, dinja
7 dana - jabuka, breskva, malina, jagoda, kupina, borovnica, kajsija
21 dan - vinova loza
Koncentracija
0,8-2 l/ha
Primena
jabuka, kruška, breskva, višnja, šljiva, malina, dinja, jagoda, kupina, borovnica, kajsija, vinova loza
Pakovanje
100 ml, 1 l, 5 l","https://firebasestorage.googleapis.com/v0/b/web-shop-model.appspot.com/o/images%2F1762515555823-flux.webp?alt=media&token=c57f3ffe-cab9-480d-8752-e5f1807f3013"
"THS8GjPCJmHICxgTtaTD","Fortis Active","Ishrana bilja","Tečna đubriva i biostimulatori","Agri Fortis","1","false","","Količina i/ili koncentracija primene
Fertigaciono: sistemom kap po kap, u dozi 4-5 kg/ha.
Folijarno: rastvorom koncentracije 0,15-0,20 %.

Vreme primene u odnosu na biljne vrste i tip zemljišta
Primenjuje se za ishranu svih biljnih vrsta, naročito povrća, voća, vinove loze, cveća i drugog ukrasnog bilja, kao i ratarskih kultura.

Može se primenjivati na svim tipovima zemljišta bez ograničenja. Primenjuje se na otvorenom i u zatvorenom prostoru.

Može se primenjivati tokom cele vegetacije, a naročito u fazama intezivnog porasta biljaka, u periodima većih zahteva za usvajanjem hraniva iz zemljišta, a naročito u fazama obrazovanja cvetova i plodova.

Primenjuje se više puta u toku vegetacije, u zavisnosti od zahteva biljke.

Način primene
Fertigacijom (sistemom kap po kap) i folijarno (preko lista), samostalno ili u kombinaciji sa kompatibilnim sredstvima za zaštitu bilja, drugim đubrivima i biostimulatorima.

Ograničenja u primeni
Ne mešati sa drugim đubrivima i sredstvima za zaštitu bilja bez prethodne provere kompatibilnosti.

Ograničenja u primeni
Ne mešati sa drugim đubrivima i sredstvima za zaštitu bilja bez prethodne provere kompatibilnosti.
DELOVANJE ĐUBRIVA
Fortis Active je specijalno praškasto đubrivo sa visokim sadržajem mikroelemenata BORA i CINKA i sekundarnih makroelemenata MAGNEZIJUMA i SUMPORA. Ovo jedinstveno đubrivo dizajnirano je da podrži pravilan i zdrav razvoj biljaka stimulišući usvajanje hraniva, prinos i kvalitet plodova. Naročito se preporučuje za primenu u fazama obrazovanja pupoljaka, pred cvetanje i tokom cvetanja, jer podstiče obrazovanje većeg broja cvetova skraćivanjem internodija na plodonosnim granama i stablu, i iniciranjem obrazovanja većeg broja cvetova po internodiji ili cvasti. Krajnji efekat je obezbeđenje sigurnog prinosa i kvaliteta plodova i samih biljaka.

Pakovanje: 500gr / 1kg","https://firebasestorage.googleapis.com/v0/b/web-shop-model.appspot.com/o/images%2F1764235489364-ACTIVE-OBE-768x559.avif?alt=media&token=547db27c-054d-4665-9fe3-03dde8217356"
"4mVgn7HIyWUdt68tylBx","Fortis Aminorich 70","Ishrana bilja","Tečna đubriva i biostimulatori","Agri Fortis","1","false","","Količina i/ili koncentracija primene
Fertigaciono: sistemom kap po kap, u dozi 4-6 kg/ha.
Folijarno: rastvorom koncentracije 0,15-0,25 %.

Vreme primene u odnosu na biljne vrste i tip zemljišta
Primenjuje se za ishranu svih biljnih vrsta, naročito povrća, voća, vinove loze, cveća i drugog ukrasnog bilja, kao i ratarskih kultura.

Može se primenjivati na svim tipovima zemljišta bez ograničenja. Primenjuje se na otvorenom i u zatvorenom prostoru.

Može se primenjivati tokom cele vegetacije, a naročito u fazama intezivnog porasta biljaka, obrazovanja i krupnjanja plodova, kao i u stresnim situacijama po biljku (mrazevi, visoke i niske temperature, vremenske nepogode, jak napad bolesti i štetočina, fitotoksija).

Primenjuje se više puta u toku vegetacije, u zavisnosti od zahteva biljke.

Način primene
Fertigacijom (sistemom kap po kap) i folijarno (preko lista), samostalno ili u kombinaciji sa kompatibilnim sredstvima za zaštitu bilja, drugim đubrivima i biostimulatorima.
Ograničenja u primeni
Ne mešati sa drugim đubrivima i sredstvima za zaštitu bilja bez prethodne provere kompatibilnosti.
DELOVANJE ĐUBRIVA
Fortis Aminorich 70 je specijalno praškasto đubrivo na bazi AMINOKISELINA visokih performansi, koje sadrži čak 70% slobodnih aminokiselina što ga čini jednim od najkoncentrovanijih đubriva na bazi aminokiselina. Izuzetno je značajno i da se ovde nalazi 18 aminokiselina koje su zastupljene u velikom procentu i svaka aminokiselina ispoljava svoje delovanje! Takođe, zbog velikog procenta organske materije doprinosi i plodnosti zemljišta i održavanju biodiverziteta. Omogućava odlično usvajanje hranljivih elemenata i ojačava metabolizam i vitalnost biljke, a naročito otpornost prema stresnim faktorima, naročito niskim i visokim temperaturama, oštećenjima od vremenskih nepogoda i fitotoksičnim oštećenjima.

Pakovanje: 100gr / 500gr / 1kg","https://firebasestorage.googleapis.com/v0/b/web-shop-model.appspot.com/o/images%2F1764235551486-AMINORICH-OBE-768x559.avif?alt=media&token=cde5ab70-afa7-45dc-9403-08ac81996984"
"9cfAKE36R8SCyaPl2pPs","Fortis Aminostar","Ishrana bilja","Tečna đubriva i biostimulatori","Agri Fortis","1","false","","Fortis Aminostar je tečno đubrivo i biostimulator na bazi aminokiselina (10%). Pored toga, ovo đubrivo sadrži značajan udeo organske materije (32%), biljnih hormona – auksini, giberelini, citokinini (1,5%), i fulvo kiselina (2%). Fortis Aminostar obezbeđuje sintezu proteina od semena do berbe i žetve.

Pozitivno utiče na deobu ćelija i porast biljaka, kao i izduživanje i jačanje korena i korenske strukture. Jedinstvena formulacija stimuliše porast biljaka, plodonošenje i vitalnost biljaka, otpornost prema stresnim faktorima, naročito niskim i visokim temperaturama, oštećenjima od vremenskih nepogoda i fitotoksičnim oštećenjima.

Krajnji efekat je obezbeđenje sigurnog prinosa i kvaliteta plodova i samih biljaka.

Količina i/ili koncentracija primene
0,15-0,25% folijarno (150-250 ml/100L)

3-5 L/ha fertigaciono

Vreme primene u odnosu na biljne vrste i tip zemljišta
Primenjuje se za ishranu svih biljnih vrsta, naročito povrća, voća, vinove loze, cveća i drugog ukrasnog bilja, kao i ratarskih kultura.

Može se primenjivati na svim tipovima zemljišta – tokom cele vegetacije, a naročito u fazama intezivnog porasta biljaka, obrazovanja i krupnjanja plodova, kao i u stresnim situacijama po biljku (mrazevi, visoke i niske temperature, vremenske nepogode, jak napad bolesti i štetočina, fitotoksija).

Primenjuje se na otvorenom i u zatvorenom prostoru, više puta u toku vegetacije u zavisnosti od zahteva biljke.

Način primene
Fertigacijom (sistemom kap po kap) i folijarno (preko lista), samostalno ili u kombinaciji sa kompatibilnim sredstvima za zaštitu bilja, drugim đubrivima i biostimulatorima.
Ograničenja u primeni
Ne mešati sa drugim đubrivima i sredstvima za zaštitu bilja bez prethodne provere kompatibilnosti.
Zapremina
1L i 250ml

Proizvođač i poreklo
Turska

LENA TARIM A.S.
","https://firebasestorage.googleapis.com/v0/b/web-shop-model.appspot.com/o/images%2F1764235202436-AMINOSTAR-OBE-768x559.avif?alt=media&token=f01f6a97-a71d-46c0-9985-61dee1ea9060"
"4Jlb3a6GZ01EBVvrFMDr","Fortis Blossom","Ishrana bilja","Tečna đubriva i biostimulatori","Agri Fortis","1","false","","Fortis Blossom je složeno tečno NP đubrivo koje sadrži cink, sa manjim udelom aminokiselina (2,5%). Ovo đubrivo ima brzo delovanje, i zahvaljujući helatnom obliku cinka obezbeđuje balansirani porast pupoljaka, i povećanje broja cvetova i plodnosti biljke.

Sa povećanjem inteziteta cvetanja se obezbeđuje sigurnija oplodnja cvetova, zametanje plodova, održavanje većeg broja plodova bez odbacivanja ili deformiteta, i doprinosi bržem rastu i razvoju zdravih plodova. Pored toga, primenom ovog đubriva jača se imuni odgovor biljke na stresne uslove u fenofazi cvetanja, pre svega na niske temperature i produženo cvetanje u nepovoljnim mikroklimatskim uslovima.

Krajnji efekat je obezbeđenje sigurnog prinosa i kvaliteta plodova.

Količina i/ili koncentracija primene
0,15-0,25% folijarno (150-250 ml/100L)

2-4 L/ha fertigaciono

Vreme primene u odnosu na biljne vrste i tip zemljišta
Primenjuje se za ishranu svih biljnih vrsta, naročito cveća i drugog ukrasnog bilja, kao i povrtarskih i voćarskih kultura.

Može se primenjivati na svim tipovima zemljišta – u fazi obrazovanja pupoljaka i fazi cvetanja, za podsticanje obrazovanja većeg broja pupoljaka, samim tim i cvetova i plodova, ali i u fazama stresnih uslova po cvetanje.

Primenjuje se na otvorenom i u zatvorenom prostoru, više puta u toku predloženog perioda, u zavisnosti od zahteva biljke.

Način primene
Fertigacijom (sistemom kap po kap) i folijarno (preko lista), samostalno ili u kombinaciji sa kompatibilnim sredstvima za zaštitu bilja, drugim đubrivima i biostimulatorima.
Ograničenja u primeni
Ne mešati sa drugim đubrivima i sredstvima za zaštitu bilja bez prethodne provere kompatibilnosti.
Zapremina
1L i 250ml

Proizvođač i poreklo
Turska

LENA TARIM A.S.","https://firebasestorage.googleapis.com/v0/b/web-shop-model.appspot.com/o/images%2F1764235359416-BLOSSOM-OBA-768x559.avif?alt=media&token=b0ed7484-b677-42cf-a270-87e9566d71f9"
"mQEyAgcbpHQQWGqoYUtC","Fortis Koren Max","Ishrana bilja","Tečna đubriva i biostimulatori","Agri Fortis","1","false","","Fortis Koren Max je složeno čvrsto NP đubrivo koje sadrži cink. Pored toga, ovo đubrivo sadrži značajan udeo aminokiselina (8%), biljnih hormona – auksini (1,2%) i fulvo kiselina (8%).

Ovo đubrivo igra jako značajnu ulogu u aktiviranju, razvoju i funkcionisanju korenovog sistema. Efekat ispoljava na razvoju novog korena i regeneraciji oštećenog ili slabog korena, čime biljkama omogućava bržu adaptaciju, početni porast i siguran porast u toku vegetacije, dobro usvajanje vode i hraniva iz zemljišta, i lakše prevazilaženje stresnih uslova za razvoj biljke i korena.

Krajnji efekat je obezbeđenje sigurnog prinosa i kvaliteta plodova i samih biljaka.

Količina i/ili koncentracija primene
0,07-0,08 % folijarno (70-80 g/100L).

2,5-5 kg/ha fertigaciono

Vreme primene u odnosu na biljne vrste i tip zemljišta
Primenjuje se za ishranu svih biljnih vrsta, naročito povrća, jagodastog voća, cveća i drugog ukrasnog bilja, i travnjaka.

Može se primenjivati na svim tipovima zemljišta – tokom cele vegetacije, a naročito u početnim fazama razvoja biljaka, fazama presađivanja, ožiljavanja, ukorenjavanja, intezivnog razvoja korena ili fazama stresnih uslova za razvoj biljke i korena.

Primenjuje se na otvorenom i u zatvorenom prostoru, više puta u toku vegetacije.

Način primene
Fertigacijom (sistemom kap po kap) i folijarno (preko lista), samostalno ili u kombinaciji sa kompatibilnim sredstvima za zaštitu bilja, drugim đubrivima i biostimulatorima.
Ograničenja u primeni
Ne mešati sa drugim đubrivima i sredstvima za zaštitu bilja bez prethodne provere kompatibilnosti.
Zapremina
250g i 500g","https://firebasestorage.googleapis.com/v0/b/web-shop-model.appspot.com/o/images%2F1764235423582-KOREN-MAX-OBE-768x559.avif?alt=media&token=b9e92aa5-110a-44db-97c1-a91ec3612803"
"z2ktIjreQ0WzwodYXMoq","Frendy - Complete Stix 200gr","Pet program","Hrana za kućne ljubimce","Gebi","1","false","","Complete Stix su štapići za čišćenje psećih zuba.
Sa dodatkom kalcijuma i vitamina A, D i E. Nizak sadržaj masti.
Dostupno u pakovanju od 200 g.

Sirovinski sastav: žitarice, prerađevine životinjskog porekla, prerađevine biljnog porekla.

","https://firebasestorage.googleapis.com/v0/b/web-shop-model.appspot.com/o/images%2F1741593274855-Frendy-complete-stix.png?alt=media&token=247ea64a-fd4e-4bac-86f6-7bdee8fce775"
"bq0BUGEc3tzxKkNQvlb8","Frendy - Štapići za dresuru 920gr","Pet program","Hrana za kućne ljubimce","Gebi","1","false","","Frendy štapići za dresuru sadrže visok nivo proteina – 50%.
Sa dodatkom kalcijuma i vitamina A, D i E. Nizak sadržaj masti.
Dostupno u pakovanju od 920 g.

Sirovinski sastav: žitarice, prerađevine životinjskog porekla – od živine, hidrolizovani životinjski protein.","https://firebasestorage.googleapis.com/v0/b/web-shop-model.appspot.com/o/images%2F1741593465243-Frendy-stapici-za-dresuru.png?alt=media&token=f030ae67-76cc-4cfb-9efd-f89c506bbf8b"
"5zt1dqUW5R1q13zTAkDM","Frendy hrana za pse - Active menu ćuretina 10kg","Pet program","Hrana za kućne ljubimce","Gebi","1","false","","Frendy Active Menu je potpuna hrana za ishranu pasa svih rasa, koji imaju povišen nivo fizičke aktivnosti, radnih pasa, gravidnih i kuja dojilja, pasa izloženih ekstremnim klimatskim uslovima i pasa podvrgnutih stresu.
Hrana je napravljena od pažljivo biranih sastojaka vrhunskog kvaliteta. Sadrži sve vitamine i minerale neophodne za pravilnu i uravnoteženu ishranu pasa.
Sadrži visok procenat proteina životinjskog porekla – najmanje 79%.
Obezbeđuje vašim ljubimcima mnoštvo energije kako bi mogli da izvrše sve aktivnosti kojima su izloženi, kao i brzu nadoknadu svih hranljivih materija potrošenih usled povećane fizičke aktivnosti.
Ishrana Frendy Active granulama obezbeđuje dobro zdravlje, jake kosti, zdrave zube, lepu i sjajnu dlaku. Za kompletnu i uravnoteženu ishranu pasa izloženih većim fizičkim aktivnostima.
Ukus: ćuretina.
Pakovanje: 10 kg

Saveti za upotrebu
FRENDY ACTIVE je namenjen za ishranu svih rasa pasa koji su izloženi većim fizičkim aktivnostima, za ishranu gravidnih i kuja dojilja, kao i za ishranu pasa izloženih stresu. Koristi se u suvom ili nakvašenom stanju posebno ili u kombinaciji sa drugom hranom. Ako se dozira u suvom stanju, vašim ljubimcima obezbedite uvek svežu vodu za piće. Ako do sada pas nije uzimao potpunu hranu u suvom stanju, hrana se dozira postepeno, uvek povećavajući

dnevnu dozu. Period privikavanja na FRENDY ACTIVE hranu za kućne ljubimce treba da traje najmanje 7 dana. U ovom periodu psu treba davati izmešanu hranu koju je prethodno jeo i FRENDY ACTIVE, tako da se postepeno povećava učešće FRENDY ACTIVE–a u obroku psa.

Sirovinski sastav: Zrnasta hraniva (žitarice – kukuruz, pirinač, pšenica), hraniva životinjskog porekla (dehidrirano meso ćuretine, živinska mast i jaja u prahu), mlinski proizvodi od žita (pšenično brašno i sitne pšenične mekinje), proizvodi industrije skroba (kukuruzni gluten prvog kvaliteta), proizvodi industrije šećera (suvi rezanci od šećerne repe), laneno seme, proizvodi industrije alkohola i vrenja (sušeni pivski kvasac), aroma, vitaminska hraniva (Vitamin A, Vitamin D3, Vitamin E, Vitamin K3, Vitamin B1, Vitamin B2, Vitamin B6, Vitamin B12, Vitamin C, Biotin, Niacin, Kalcijum Pantotenat, Holin Hlorid, Folna kiselina), mineralna hraniva (natrijum-hlorid, Cink-glicinat, cink-sulfat, bakar-sulfat, bakar-glicinat, gvožđe-sulfat, mangan-sulfat, kalcijum-jodat, natrijum selenit, selenski kvasac), antioksidans (BHA, BHT) i konzervans (kalcijum-propionat, fumarna, sorbična i limunska kiselina), Yucca schidigera ekstrakt, manan-oligo-saharidi.","https://firebasestorage.googleapis.com/v0/b/web-shop-model.appspot.com/o/images%2F1741546760204-factive.png?alt=media&token=e453b260-887f-4d2b-9682-b30cd643ce94"
"x85Ed2WOgKogtc7zOpFe","Frendy hrana za pse - Active menu ćuretina 20kg","Pet program","Hrana za kućne ljubimce","Gebi","1","false","","Frendy Active Menu je potpuna hrana za ishranu pasa svih rasa, koji imaju povišen nivo fizičke aktivnosti, radnih pasa, gravidnih i kuja dojilja, pasa izloženih ekstremnim klimatskim uslovima i pasa podvrgnutih stresu.
Hrana je napravljena od pažljivo biranih sastojaka vrhunskog kvaliteta. Sadrži sve vitamine i minerale neophodne za pravilnu i uravnoteženu ishranu pasa.
Sadrži visok procenat proteina životinjskog porekla – najmanje 79%.
Obezbeđuje vašim ljubimcima mnoštvo energije kako bi mogli da izvrše sve aktivnosti kojima su izloženi, kao i brzu nadoknadu svih hranljivih materija potrošenih usled povećane fizičke aktivnosti.
Ishrana Frendy Active granulama obezbeđuje dobro zdravlje, jake kosti, zdrave zube, lepu i sjajnu dlaku. Za kompletnu i uravnoteženu ishranu pasa izloženih većim fizičkim aktivnostima.
Ukus: ćuretina.
Pakovanje: 20 kg

Saveti za upotrebu
FRENDY ACTIVE je namenjen za ishranu svih rasa pasa koji su izloženi većim fizičkim aktivnostima, za ishranu gravidnih i kuja dojilja, kao i za ishranu pasa izloženih stresu. Koristi se u suvom ili nakvašenom stanju posebno ili u kombinaciji sa drugom hranom. Ako se dozira u suvom stanju, vašim ljubimcima obezbedite uvek svežu vodu za piće. Ako do sada pas nije uzimao potpunu hranu u suvom stanju, hrana se dozira postepeno, uvek povećavajući

dnevnu dozu. Period privikavanja na FRENDY ACTIVE hranu za kućne ljubimce treba da traje najmanje 7 dana. U ovom periodu psu treba davati izmešanu hranu koju je prethodno jeo i FRENDY ACTIVE, tako da se postepeno povećava učešće FRENDY ACTIVE–a u obroku psa.

Sirovinski sastav: Zrnasta hraniva (žitarice – kukuruz, pirinač, pšenica), hraniva životinjskog porekla (dehidrirano meso ćuretine, živinska mast i jaja u prahu), mlinski proizvodi od žita (pšenično brašno i sitne pšenične mekinje), proizvodi industrije skroba (kukuruzni gluten prvog kvaliteta), proizvodi industrije šećera (suvi rezanci od šećerne repe), laneno seme, proizvodi industrije alkohola i vrenja (sušeni pivski kvasac), aroma, vitaminska hraniva (Vitamin A, Vitamin D3, Vitamin E, Vitamin K3, Vitamin B1, Vitamin B2, Vitamin B6, Vitamin B12, Vitamin C, Biotin, Niacin, Kalcijum Pantotenat, Holin Hlorid, Folna kiselina), mineralna hraniva (natrijum-hlorid, Cink-glicinat, cink-sulfat, bakar-sulfat, bakar-glicinat, gvožđe-sulfat, mangan-sulfat, kalcijum-jodat, natrijum selenit, selenski kvasac), antioksidans (BHA, BHT) i konzervans (kalcijum-propionat, fumarna, sorbična i limunska kiselina), Yucca schidigera ekstrakt, manan-oligo-saharidi.","https://firebasestorage.googleapis.com/v0/b/web-shop-model.appspot.com/o/images%2F1741546811414-factive.png?alt=media&token=fb7da990-fbc0-4892-91cb-c414bcd52b1b"
"zXC5yqs0Rnt3bfEvJbGe","Frendy hrana za pse - Active menu ćuretina 3kg","Pet program","Hrana za kućne ljubimce","Gebi","1","false","","Frendy Active Menu je potpuna hrana za ishranu pasa svih rasa, koji imaju povišen nivo fizičke aktivnosti, radnih pasa, gravidnih i kuja dojilja, pasa izloženih ekstremnim klimatskim uslovima i pasa podvrgnutih stresu.
Hrana je napravljena od pažljivo biranih sastojaka vrhunskog kvaliteta. Sadrži sve vitamine i minerale neophodne za pravilnu i uravnoteženu ishranu pasa.
Sadrži visok procenat proteina životinjskog porekla – najmanje 79%.
Obezbeđuje vašim ljubimcima mnoštvo energije kako bi mogli da izvrše sve aktivnosti kojima su izloženi, kao i brzu nadoknadu svih hranljivih materija potrošenih usled povećane fizičke aktivnosti.
Ishrana Frendy Active granulama obezbeđuje dobro zdravlje, jake kosti, zdrave zube, lepu i sjajnu dlaku. Za kompletnu i uravnoteženu ishranu pasa izloženih većim fizičkim aktivnostima.
Ukus: ćuretina.
Pakovanje: 3 kg

Saveti za upotrebu
FRENDY ACTIVE je namenjen za ishranu svih rasa pasa koji su izloženi većim fizičkim aktivnostima, za ishranu gravidnih i kuja dojilja, kao i za ishranu pasa izloženih stresu. Koristi se u suvom ili nakvašenom stanju posebno ili u kombinaciji sa drugom hranom. Ako se dozira u suvom stanju, vašim ljubimcima obezbedite uvek svežu vodu za piće. Ako do sada pas nije uzimao potpunu hranu u suvom stanju, hrana se dozira postepeno, uvek povećavajući

dnevnu dozu. Period privikavanja na FRENDY ACTIVE hranu za kućne ljubimce treba da traje najmanje 7 dana. U ovom periodu psu treba davati izmešanu hranu koju je prethodno jeo i FRENDY ACTIVE, tako da se postepeno povećava učešće FRENDY ACTIVE–a u obroku psa.

Sirovinski sastav: Zrnasta hraniva (žitarice – kukuruz, pirinač, pšenica), hraniva životinjskog porekla (dehidrirano meso ćuretine, živinska mast i jaja u prahu), mlinski proizvodi od žita (pšenično brašno i sitne pšenične mekinje), proizvodi industrije skroba (kukuruzni gluten prvog kvaliteta), proizvodi industrije šećera (suvi rezanci od šećerne repe), laneno seme, proizvodi industrije alkohola i vrenja (sušeni pivski kvasac), aroma, vitaminska hraniva (Vitamin A, Vitamin D3, Vitamin E, Vitamin K3, Vitamin B1, Vitamin B2, Vitamin B6, Vitamin B12, Vitamin C, Biotin, Niacin, Kalcijum Pantotenat, Holin Hlorid, Folna kiselina), mineralna hraniva (natrijum-hlorid, Cink-glicinat, cink-sulfat, bakar-sulfat, bakar-glicinat, gvožđe-sulfat, mangan-sulfat, kalcijum-jodat, natrijum selenit, selenski kvasac), antioksidans (BHA, BHT) i konzervans (kalcijum-propionat, fumarna, sorbična i limunska kiselina), Yucca schidigera ekstrakt, manan-oligo-saharidi.","https://firebasestorage.googleapis.com/v0/b/web-shop-model.appspot.com/o/images%2F1741546695796-factive.png?alt=media&token=92aabb20-afea-4ebe-98bb-a7f9cde74f5e"
"q4fP4Qft44AjmKz4Mt2Q","Frendy hrana za pse - Adult menu ćuretina 10kg","Pet program","Hrana za kućne ljubimce","Gebi","1","false","","Frendy Adult Menu je potpuna hrana za ishranu odraslih pasa svih rasa umerene fizičke aktivnosti.
Hrana je napravljena od pažljivo biranih sastojaka vrhunskog kvaliteta. Sadrži sve vitamine i minerale neophodne za pravilnu i uravnoteženu ishranu pasa.
Sadrži visok procenat proteina životinjskog porekla – najmanje 79%.
Obezbeđuje vašim ljubimcima dobro zdravlje, jake kosti, zdrave zube, lepu i sjajnu dlaku. Za kompletnu i uravnoteženu ishranu odraslih pasa umerene fizičke aktivnosti.
Ukus: ćuretina.
Pakovanje: 10 kg

Saveti za upotrebu
FRENDY ADULT je namenjen za ishranu odraslih pasa svih rasa. Koristi se u suvom ili nakvašenom stanju posebno ili u kombinaciji sa drugom hranom. Ako se dozira u suvom stanju, vašim ljubimcima obezbedite uvek svežu vodu za piće. Ako do sada pas nije uzimao potpunu hranu u suvom stanju, hrana se dozira postepeno, uvek povećavajući dnevnu dozu.
Period privikavanja na FRENDY ADULT hranu za kućne ljubimce treba da traje najmanje 7 dana. U ovom periodu psu treba davati izmešanu hranu koju jeprethodno jeo i FRENDY ADULT, tako da se postepeno povećava učešće FRENDY ADULTA–a u obroku psa.


Sirovinski sastav: Zrnasta hraniva (žitarice – kukuruz, pirinač, pšenica), hraniva životinjskog porekla (dehidrirano meso ćuretine, živinska mast i jaja u prahu), mlinski proizvodi od žita (pšenično brašno i sitne pšenične mekinje), ostali biljni proizvodi (prirodna vlakna – brašno od sušene lucerke), laneno seme, proizvodi industrije alkohola i vrenja (sušeni pivski kvasac), aroma, vitaminska hraniva (Vitamin A, Vitamin D3, Vitamin E, Vitamin K3, Vitamin B1, Vitamin B2, Vitamin B6, Vitamin B12, Vitamin C, Biotin, Niacin, Kalcijum Pantotenat, Holin Hlorid, Folna kiselina), mineralna hraniva (kalcijum-karbonat, natrijum-hlorid, Cink-glicinat, cink-sulfat, bakar-sulfat, bakar-glicinat, gvožđe-sulfat, mangan-sulfat, kalcijum-jodat, natrijum selenit, selenski kvasac), antioksidans (BHA, BHT) i konzervans (kalcijum-propionat, fumarna, sorbična i limunska kiselina), Yucca schidigera ekstrakt, manan-oligo-saharidi.","https://firebasestorage.googleapis.com/v0/b/web-shop-model.appspot.com/o/images%2F1741547177045-fadult.png?alt=media&token=958f28ff-53dd-4c51-aa57-c91fece027e5"
"duYPVr7tepQP1Q7soFQN","Frendy hrana za pse - Adult menu ćuretina 1kg","Pet program","Hrana za kućne ljubimce","Gebi","1","false","","Frendy Adult Menu je potpuna hrana za ishranu odraslih pasa svih rasa umerene fizičke aktivnosti.
Hrana je napravljena od pažljivo biranih sastojaka vrhunskog kvaliteta. Sadrži sve vitamine i minerale neophodne za pravilnu i uravnoteženu ishranu pasa.
Sadrži visok procenat proteina životinjskog porekla – najmanje 79%.
Obezbeđuje vašim ljubimcima dobro zdravlje, jake kosti, zdrave zube, lepu i sjajnu dlaku. Za kompletnu i uravnoteženu ishranu odraslih pasa umerene fizičke aktivnosti.
Ukus: ćuretina.
Pakovanje: 1 kg

Saveti za upotrebu
FRENDY ADULT je namenjen za ishranu odraslih pasa svih rasa. Koristi se u suvom ili nakvašenom stanju posebno ili u kombinaciji sa drugom hranom. Ako se dozira u suvom stanju, vašim ljubimcima obezbedite uvek svežu vodu za piće. Ako do sada pas nije uzimao potpunu hranu u suvom stanju, hrana se dozira postepeno, uvek povećavajući dnevnu dozu.
Period privikavanja na FRENDY ADULT hranu za kućne ljubimce treba da traje najmanje 7 dana. U ovom periodu psu treba davati izmešanu hranu koju jeprethodno jeo i FRENDY ADULT, tako da se postepeno povećava učešće FRENDY ADULTA–a u obroku psa.


Sirovinski sastav: Zrnasta hraniva (žitarice – kukuruz, pirinač, pšenica), hraniva životinjskog porekla (dehidrirano meso ćuretine, živinska mast i jaja u prahu), mlinski proizvodi od žita (pšenično brašno i sitne pšenične mekinje), ostali biljni proizvodi (prirodna vlakna – brašno od sušene lucerke), laneno seme, proizvodi industrije alkohola i vrenja (sušeni pivski kvasac), aroma, vitaminska hraniva (Vitamin A, Vitamin D3, Vitamin E, Vitamin K3, Vitamin B1, Vitamin B2, Vitamin B6, Vitamin B12, Vitamin C, Biotin, Niacin, Kalcijum Pantotenat, Holin Hlorid, Folna kiselina), mineralna hraniva (kalcijum-karbonat, natrijum-hlorid, Cink-glicinat, cink-sulfat, bakar-sulfat, bakar-glicinat, gvožđe-sulfat, mangan-sulfat, kalcijum-jodat, natrijum selenit, selenski kvasac), antioksidans (BHA, BHT) i konzervans (kalcijum-propionat, fumarna, sorbična i limunska kiselina), Yucca schidigera ekstrakt, manan-oligo-saharidi.","https://firebasestorage.googleapis.com/v0/b/web-shop-model.appspot.com/o/images%2F1741547014234-fadult.png?alt=media&token=62a5fb20-c0e3-4233-beaa-b27b40052c39"
"cAFyWWOi38Kf9lOXHRdV","Frendy hrana za pse - Adult menu ćuretina 20kg","Pet program","Hrana za kućne ljubimce","Gebi","1","false","","Frendy Adult Menu je potpuna hrana za ishranu odraslih pasa svih rasa umerene fizičke aktivnosti.
Hrana je napravljena od pažljivo biranih sastojaka vrhunskog kvaliteta. Sadrži sve vitamine i minerale neophodne za pravilnu i uravnoteženu ishranu pasa.
Sadrži visok procenat proteina životinjskog porekla – najmanje 79%.
Obezbeđuje vašim ljubimcima dobro zdravlje, jake kosti, zdrave zube, lepu i sjajnu dlaku. Za kompletnu i uravnoteženu ishranu odraslih pasa umerene fizičke aktivnosti.
Ukus: ćuretina.
Pakovanje: 20 kg

Saveti za upotrebu
FRENDY ADULT je namenjen za ishranu odraslih pasa svih rasa. Koristi se u suvom ili nakvašenom stanju posebno ili u kombinaciji sa drugom hranom. Ako se dozira u suvom stanju, vašim ljubimcima obezbedite uvek svežu vodu za piće. Ako do sada pas nije uzimao potpunu hranu u suvom stanju, hrana se dozira postepeno, uvek povećavajući dnevnu dozu.
Period privikavanja na FRENDY ADULT hranu za kućne ljubimce treba da traje najmanje 7 dana. U ovom periodu psu treba davati izmešanu hranu koju jeprethodno jeo i FRENDY ADULT, tako da se postepeno povećava učešće FRENDY ADULTA–a u obroku psa.

Sirovinski sastav: Zrnasta hraniva (žitarice – kukuruz, pirinač, pšenica), hraniva životinjskog porekla (dehidrirano meso ćuretine, živinska mast i jaja u prahu), mlinski proizvodi od žita (pšenično brašno i sitne pšenične mekinje), ostali biljni proizvodi (prirodna vlakna – brašno od sušene lucerke), laneno seme, proizvodi industrije alkohola i vrenja (sušeni pivski kvasac), aroma, vitaminska hraniva (Vitamin A, Vitamin D3, Vitamin E, Vitamin K3, Vitamin B1, Vitamin B2, Vitamin B6, Vitamin B12, Vitamin C, Biotin, Niacin, Kalcijum Pantotenat, Holin Hlorid, Folna kiselina), mineralna hraniva (kalcijum-karbonat, natrijum-hlorid, Cink-glicinat, cink-sulfat, bakar-sulfat, bakar-glicinat, gvožđe-sulfat, mangan-sulfat, kalcijum-jodat, natrijum selenit, selenski kvasac), antioksidans (BHA, BHT) i konzervans (kalcijum-propionat, fumarna, sorbična i limunska kiselina), Yucca schidigera ekstrakt, manan-oligo-saharidi.","https://firebasestorage.googleapis.com/v0/b/web-shop-model.appspot.com/o/images%2F1741547234730-fadult.png?alt=media&token=721fa536-f759-407d-9b07-2b18255e0cfa"
"k9vTjYj8fAX8vYhjiAps","Frendy hrana za pse - Adult menu ćuretina 3kg","Pet program","Hrana za kućne ljubimce","Gebi","1","false","","Frendy Adult Menu je potpuna hrana za ishranu odraslih pasa svih rasa umerene fizičke aktivnosti.
Hrana je napravljena od pažljivo biranih sastojaka vrhunskog kvaliteta. Sadrži sve vitamine i minerale neophodne za pravilnu i uravnoteženu ishranu pasa.
Sadrži visok procenat proteina životinjskog porekla – najmanje 79%.
Obezbeđuje vašim ljubimcima dobro zdravlje, jake kosti, zdrave zube, lepu i sjajnu dlaku. Za kompletnu i uravnoteženu ishranu odraslih pasa umerene fizičke aktivnosti.
Ukus: ćuretina.
Pakovanje: 3 kg

Saveti za upotrebu
FRENDY ADULT je namenjen za ishranu odraslih pasa svih rasa. Koristi se u suvom ili nakvašenom stanju posebno ili u kombinaciji sa drugom hranom. Ako se dozira u suvom stanju, vašim ljubimcima obezbedite uvek svežu vodu za piće. Ako do sada pas nije uzimao potpunu hranu u suvom stanju, hrana se dozira postepeno, uvek povećavajući dnevnu dozu.
Period privikavanja na FRENDY ADULT hranu za kućne ljubimce treba da traje najmanje 7 dana. U ovom periodu psu treba davati izmešanu hranu koju jeprethodno jeo i FRENDY ADULT, tako da se postepeno povećava učešće FRENDY ADULTA–a u obroku psa.

Sirovinski sastav: Zrnasta hraniva (žitarice – kukuruz, pirinač, pšenica), hraniva životinjskog porekla (dehidrirano meso ćuretine, živinska mast i jaja u prahu), mlinski proizvodi od žita (pšenično brašno i sitne pšenične mekinje), ostali biljni proizvodi (prirodna vlakna – brašno od sušene lucerke), laneno seme, proizvodi industrije alkohola i vrenja (sušeni pivski kvasac), aroma, vitaminska hraniva (Vitamin A, Vitamin D3, Vitamin E, Vitamin K3, Vitamin B1, Vitamin B2, Vitamin B6, Vitamin B12, Vitamin C, Biotin, Niacin, Kalcijum Pantotenat, Holin Hlorid, Folna kiselina), mineralna hraniva (kalcijum-karbonat, natrijum-hlorid, Cink-glicinat, cink-sulfat, bakar-sulfat, bakar-glicinat, gvožđe-sulfat, mangan-sulfat, kalcijum-jodat, natrijum selenit, selenski kvasac), antioksidans (BHA, BHT) i konzervans (kalcijum-propionat, fumarna, sorbična i limunska kiselina), Yucca schidigera ekstrakt, manan-oligo-saharidi.","https://firebasestorage.googleapis.com/v0/b/web-shop-model.appspot.com/o/images%2F1741547074754-fadult.png?alt=media&token=4547f1ad-e87f-4139-9c65-6a761d146345"
"IjJBbJO2KvTUEWZVvGZ6","Frendy hrana za pse - Complete menu ćuretina 10 kg","Pet program","Hrana za kućne ljubimce","Gebi","1","false","","Frendy Complete Menu je potpuna hrana za ishranu odraslih pasa svih rasa umerenog nivoa fizičke aktivnosti.
Hrana je napravljena od pažljivo biranih sastojaka vrhunskog kvaliteta. Sadrži sve vitamine i minerale neophodne za pravilnu i uravnoteženu ishranu pasa.
Sadrži visok procenat proteina životinjskog porekla – najmanje 65%.
Obezbeđuje vašim ljubimcima dobro zdravlje, jake kosti, zdrave zube, lepu i sjajnu dlaku.
Za kompletnu i uravnoteženu ishranu odraslih pasa.
Ukus: ćuretina.
Pakovanje: 10 kg

Saveti za upotrebu: FRENDY COMPLETE je namenjen za ishranu odraslih pasa svih rasa. Koristi se u suvom ili nakvašenom stanju posebno ili u kombinaciji sa drugom hranom.
Ako se dozira u suvom stanju, vašim ljubimcima obezbedite uvek svežu vodu za piće. Ako do sada pas nije uzimao potpunu hranu u suvom stanju, hrana se dozira postepeno, uvek povećavajući dnevnu dozu. Period privikavanja na FRENDY COMPLETE hranu za kućne ljubimce treba da traje najmanje 7 dana. U ovom periodu psu treba davati izmešanu hranu koju je prethodno jeo i FRENDY COMPLETE, tako da se postepeno povećava učešće FRENDY COMPLETE–a u obroku psa.

Sirovinski sastav: Sirovinski sastav: Zrnasta hraniva (žitarice – kukuruz, pirinač, pšenica), hraniva životinjskog porekla (dehidrirano meso ćuretine, živinska mast i jaja u prahu), mlinski proizvodi od žita (pšenično brašno i sitne pšenične mekinje), proizvodi industrije šećera (suvi rezanci od šećerne repe), ostali biljni proizvodi (prirodna vlakna – brašno od sušene lucerke), laneno seme, proizvodi industrije alkohola i vrenja (sušeni pivski kvasac), aroma, vitaminska hraniva (Vitamin A, Vitamin D3, Vitamin E, Vitamin K3, Vitamin B1, Vitamin B2, Vitamin B6, Vitamin B12, Vitamin C, Biotin, Niacin, Kalcijum Pantotenat, Holin Hlorid, Folna kiselina), mineralna hraniva (monokalcijum-fosfat, natrijum-hlorid, Cink-glicinat, cink-sulfat, bakar-sulfat, bakar-glicinat, gvožđe-sulfat, mangan-sulfat, kalcijum-jodat, natrijum selenit, selenski kvasac), antioksidans (BHA, BHT) i konzervans (kalcijum-propionat, fumarna, sorbična i limunska kiselina), Yucca schidigera ekstrakt, manan-oligo-saharidi.","https://firebasestorage.googleapis.com/v0/b/web-shop-model.appspot.com/o/images%2F1741544268886-f1.png?alt=media&token=160a561a-2c22-4795-9917-12792bf818bf"
"ENNvXATBQMynIXRCP0x0","Frendy hrana za pse - Complete menu ćuretina 1kg","Pet program","Hrana za kućne ljubimce","Gebi","1","false","","Frendy Complete Menu je potpuna hrana za ishranu odraslih pasa svih rasa umerenog nivoa fizičke aktivnosti.
Hrana je napravljena od pažljivo biranih sastojaka vrhunskog kvaliteta. Sadrži sve vitamine i minerale neophodne za pravilnu i uravnoteženu ishranu pasa.
Sadrži visok procenat proteina životinjskog porekla – najmanje 65%.
Obezbeđuje vašim ljubimcima dobro zdravlje, jake kosti, zdrave zube, lepu i sjajnu dlaku.
Za kompletnu i uravnoteženu ishranu odraslih pasa.
Ukus: ćuretina.
Pakovanje: 1 kg

Saveti za upotrebu: FRENDY COMPLETE je namenjen za ishranu odraslih pasa svih rasa. Koristi se u suvom ili nakvašenom stanju posebno ili u kombinaciji sa drugom hranom.
Ako se dozira u suvom stanju, vašim ljubimcima obezbedite uvek svežu vodu za piće. Ako do sada pas nije uzimao potpunu hranu u suvom stanju, hrana se dozira postepeno, uvek povećavajući dnevnu dozu. Period privikavanja na FRENDY COMPLETE hranu za kućne ljubimce treba da traje najmanje 7 dana. U ovom periodu psu treba davati izmešanu hranu koju je prethodno jeo i FRENDY COMPLETE, tako da se postepeno povećava učešće FRENDY COMPLETE–a u obroku psa.

Sirovinski sastav: Zrnasta hraniva (žitarice – kukuruz, pirinač, pšenica), hraniva životinjskog porekla (dehidrirano meso ćuretine, živinska mast i jaja u prahu), mlinski proizvodi od žita (pšenično brašno i sitne pšenične mekinje), proizvodi industrije šećera (suvi rezanci od šećerne repe), ostali biljni proizvodi (prirodna vlakna – brašno od sušene lucerke), laneno seme, proizvodi industrije alkohola i vrenja (sušeni pivski kvasac), aroma, vitaminska hraniva (Vitamin A, Vitamin D3, Vitamin E, Vitamin K3, Vitamin B1, Vitamin B2, Vitamin B6, Vitamin B12, Vitamin C, Biotin, Niacin, Kalcijum Pantotenat, Holin Hlorid, Folna kiselina), mineralna hraniva (monokalcijum-fosfat, natrijum-hlorid, Cink-glicinat, cink-sulfat, bakar-sulfat, bakar-glicinat, gvožđe-sulfat, mangan-sulfat, kalcijum-jodat, natrijum selenit, selenski kvasac), antioksidans (BHA, BHT) i konzervans (kalcijum-propionat, fumarna, sorbična i limunska kiselina), Yucca schidigera ekstrakt, manan-oligo-saharidi.","https://firebasestorage.googleapis.com/v0/b/web-shop-model.appspot.com/o/images%2F1741545019033-f1.png?alt=media&token=e5492d9e-28dc-422b-832a-a7ccbf44b570"
"oHc6NAIjcjhnGjcbOdUM","Frendy hrana za pse - Complete menu ćuretina 20kg","Pet program","Hrana za kućne ljubimce","Gebi","1","false","","Frendy Complete Menu je potpuna hrana za ishranu odraslih pasa svih rasa umerenog nivoa fizičke aktivnosti.
Hrana je napravljena od pažljivo biranih sastojaka vrhunskog kvaliteta. Sadrži sve vitamine i minerale neophodne za pravilnu i uravnoteženu ishranu pasa.
Sadrži visok procenat proteina životinjskog porekla – najmanje 65%.
Obezbeđuje vašim ljubimcima dobro zdravlje, jake kosti, zdrave zube, lepu i sjajnu dlaku.
Za kompletnu i uravnoteženu ishranu odraslih pasa.
Ukus: ćuretina.
Pakovanje: 20 kg

Saveti za upotrebu: FRENDY COMPLETE je namenjen za ishranu odraslih pasa svih rasa. Koristi se u suvom ili nakvašenom stanju posebno ili u kombinaciji sa drugom hranom.
Ako se dozira u suvom stanju, vašim ljubimcima obezbedite uvek svežu vodu za piće. Ako do sada pas nije uzimao potpunu hranu u suvom stanju, hrana se dozira postepeno, uvek povećavajući dnevnu dozu. Period privikavanja na FRENDY COMPLETE hranu za kućne ljubimce treba da traje najmanje 7 dana. U ovom periodu psu treba davati izmešanu hranu koju je prethodno jeo i FRENDY COMPLETE, tako da se postepeno povećava učešće FRENDY COMPLETE–a u obroku psa.

Sirovinski sastav: Zrnasta hraniva (žitarice – kukuruz, pirinač, pšenica), hraniva životinjskog porekla (dehidrirano meso ćuretine, živinska mast i jaja u prahu), mlinski proizvodi od žita (pšenično brašno i sitne pšenične mekinje), proizvodi industrije šećera (suvi rezanci od šećerne repe), ostali biljni proizvodi (prirodna vlakna – brašno od sušene lucerke), laneno seme, proizvodi industrije alkohola i vrenja (sušeni pivski kvasac), aroma, vitaminska hraniva (Vitamin A, Vitamin D3, Vitamin E, Vitamin K3, Vitamin B1, Vitamin B2, Vitamin B6, Vitamin B12, Vitamin C, Biotin, Niacin, Kalcijum Pantotenat, Holin Hlorid, Folna kiselina), mineralna hraniva (monokalcijum-fosfat, natrijum-hlorid, Cink-glicinat, cink-sulfat, bakar-sulfat, bakar-glicinat, gvožđe-sulfat, mangan-sulfat, kalcijum-jodat, natrijum selenit, selenski kvasac), antioksidans (BHA, BHT) i konzervans (kalcijum-propionat, fumarna, sorbična i limunska kiselina), Yucca schidigera ekstrakt, manan-oligo-saharidi.","https://firebasestorage.googleapis.com/v0/b/web-shop-model.appspot.com/o/images%2F1741545163621-f1.png?alt=media&token=d2b569f7-5982-446a-a1eb-5dfbc85fa02a"
"XBaTrQBPZgWuSy2rBiku","Frendy hrana za pse - Complete menu ćuretina 3kg","Pet program","Hrana za kućne ljubimce","Gebi","1","false","","Frendy Complete Menu je potpuna hrana za ishranu odraslih pasa svih rasa umerenog nivoa fizičke aktivnosti.
Hrana je napravljena od pažljivo biranih sastojaka vrhunskog kvaliteta. Sadrži sve vitamine i minerale neophodne za pravilnu i uravnoteženu ishranu pasa.
Sadrži visok procenat proteina životinjskog porekla – najmanje 65%.
Obezbeđuje vašim ljubimcima dobro zdravlje, jake kosti, zdrave zube, lepu i sjajnu dlaku.
Za kompletnu i uravnoteženu ishranu odraslih pasa.
Ukus: ćuretina.
Pakovanje: 3 kg

Saveti za upotrebu: FRENDY COMPLETE je namenjen za ishranu odraslih pasa svih rasa. Koristi se u suvom ili nakvašenom stanju posebno ili u kombinaciji sa drugom hranom.
Ako se dozira u suvom stanju, vašim ljubimcima obezbedite uvek svežu vodu za piće. Ako do sada pas nije uzimao potpunu hranu u suvom stanju, hrana se dozira postepeno, uvek povećavajući dnevnu dozu. Period privikavanja na FRENDY COMPLETE hranu za kućne ljubimce treba da traje najmanje 7 dana. U ovom periodu psu treba davati izmešanu hranu koju je prethodno jeo i FRENDY COMPLETE, tako da se postepeno povećava učešće FRENDY COMPLETE–a u obroku psa.

Sirovinski sastav: Zrnasta hraniva (žitarice – kukuruz, pirinač, pšenica), hraniva životinjskog porekla (dehidrirano meso ćuretine, živinska mast i jaja u prahu), mlinski proizvodi od žita (pšenično brašno i sitne pšenične mekinje), proizvodi industrije šećera (suvi rezanci od šećerne repe), ostali biljni proizvodi (prirodna vlakna – brašno od sušene lucerke), laneno seme, proizvodi industrije alkohola i vrenja (sušeni pivski kvasac), aroma, vitaminska hraniva (Vitamin A, Vitamin D3, Vitamin E, Vitamin K3, Vitamin B1, Vitamin B2, Vitamin B6, Vitamin B12, Vitamin C, Biotin, Niacin, Kalcijum Pantotenat, Holin Hlorid, Folna kiselina), mineralna hraniva (monokalcijum-fosfat, natrijum-hlorid, Cink-glicinat, cink-sulfat, bakar-sulfat, bakar-glicinat, gvožđe-sulfat, mangan-sulfat, kalcijum-jodat, natrijum selenit, selenski kvasac), antioksidans (BHA, BHT) i konzervans (kalcijum-propionat, fumarna, sorbična i limunska kiselina), Yucca schidigera ekstrakt, manan-oligo-saharidi.","https://firebasestorage.googleapis.com/v0/b/web-shop-model.appspot.com/o/images%2F1741545071457-f1.png?alt=media&token=9083d499-2868-4ede-9b5d-63c59f550a6b"
"jIur7n58vwDmfZcH4Arf","Frendy hrana za pse - Complete menu govedina 10kg","Pet program","Oprema za kućne ljubimce","Gebi","1","false","","Frendy Complete Menu je potpuna hrana za ishranu odraslih pasa svih rasa umerenog nivoa fizičke aktivnosti.
Hrana je napravljena od pažljivo biranih sastojaka vrhunskog kvaliteta. Sadrži sve vitamine i minerale neophodne za pravilnu i uravnoteženu ishranu pasa.
Sadrži visok procenat proteina životinjskog porekla – najmanje 65%.
Obezbeđuje vašim ljubimcima dobro zdravlje, jake kosti, zdrave zube, lepu i sjajnu dlaku.
Za kompletnu i uravnoteženu ishranu odraslih pasa.
Ukus: govedina.
Pakovanje: 10 kg

Saveti za upotrebu: FRENDY COMPLETE je namenjen za ishranu odraslih pasa svih rasa. Koristi se u suvom ili nakvašenom stanju posebno ili u kombinaciji sa drugom hranom.
Ako se dozira u suvom stanju, vašim ljubimcima obezbedite uvek svežu vodu za piće. Ako do sada pas nije uzimao potpunu hranu u suvom stanju, hrana se dozira postepeno, uvek povećavajući dnevnu dozu. Period privikavanja na FRENDY COMPLETE hranu za kućne ljubimce treba da traje najmanje 7 dana. U ovom periodu psu treba davati izmešanu hranu koju je prethodno jeo i FRENDY COMPLETE, tako da se postepeno povećava učešće FRENDY COMPLETE–a u obroku psa.

Sirovinski sastav: Zrnasta hraniva (žitarice – kukuruz, pirinač, pšenica), hraniva životinjskog porekla (dehidrirano meso ćuretine, živinska mast i jaja u prahu), mlinski proizvodi od žita (pšenično brašno i sitne pšenične mekinje), proizvodi industrije šećera (suvi rezanci od šećerne repe), ostali biljni proizvodi (prirodna vlakna – brašno od sušene lucerke), laneno seme, proizvodi industrije alkohola i vrenja (sušeni pivski kvasac), aroma, vitaminska hraniva (Vitamin A, Vitamin D3, Vitamin E, Vitamin K3, Vitamin B1, Vitamin B2, Vitamin B6, Vitamin B12, Vitamin C, Biotin, Niacin, Kalcijum Pantotenat, Holin Hlorid, Folna kiselina), mineralna hraniva (monokalcijum-fosfat, natrijum-hlorid, Cink-glicinat, cink-sulfat, bakar-sulfat, bakar-glicinat, gvožđe-sulfat, mangan-sulfat, kalcijum-jodat, natrijum selenit, selenski kvasac), antioksidans (BHA, BHT) i konzervans (kalcijum-propionat, fumarna, sorbična i limunska kiselina), Yucca schidigera ekstrakt, manan-oligo-saharidi.","https://firebasestorage.googleapis.com/v0/b/web-shop-model.appspot.com/o/images%2F1741545753963-f1.png?alt=media&token=19ddb584-c84d-4c3f-87b4-a26e11709659"
"RE92BxGO0HS6mqcvt1hq","Frendy hrana za pse - Complete menu govedina 1kg","Pet program","Hrana za kućne ljubimce","Gebi","1","false","","Frendy Complete Menu je potpuna hrana za ishranu odraslih pasa svih rasa umerenog nivoa fizičke aktivnosti.
Hrana je napravljena od pažljivo biranih sastojaka vrhunskog kvaliteta. Sadrži sve vitamine i minerale neophodne za pravilnu i uravnoteženu ishranu pasa.
Sadrži visok procenat proteina životinjskog porekla – najmanje 65%.
Obezbeđuje vašim ljubimcima dobro zdravlje, jake kosti, zdrave zube, lepu i sjajnu dlaku.
Za kompletnu i uravnoteženu ishranu odraslih pasa.
Ukus: govedina.
Pakovanje: 1 kg

Saveti za upotrebu: FRENDY COMPLETE je namenjen za ishranu odraslih pasa svih rasa. Koristi se u suvom ili nakvašenom stanju posebno ili u kombinaciji sa drugom hranom.
Ako se dozira u suvom stanju, vašim ljubimcima obezbedite uvek svežu vodu za piće. Ako do sada pas nije uzimao potpunu hranu u suvom stanju, hrana se dozira postepeno, uvek povećavajući dnevnu dozu. Period privikavanja na FRENDY COMPLETE hranu za kućne ljubimce treba da traje najmanje 7 dana. U ovom periodu psu treba davati izmešanu hranu koju je prethodno jeo i FRENDY COMPLETE, tako da se postepeno povećava učešće FRENDY COMPLETE–a u obroku psa.

Sirovinski sastav: Zrnasta hraniva (žitarice – kukuruz, pirinač, pšenica), hraniva životinjskog porekla (dehidrirano meso ćuretine, živinska mast i jaja u prahu), mlinski proizvodi od žita (pšenično brašno i sitne pšenične mekinje), proizvodi industrije šećera (suvi rezanci od šećerne repe), ostali biljni proizvodi (prirodna vlakna – brašno od sušene lucerke), laneno seme, proizvodi industrije alkohola i vrenja (sušeni pivski kvasac), aroma, vitaminska hraniva (Vitamin A, Vitamin D3, Vitamin E, Vitamin K3, Vitamin B1, Vitamin B2, Vitamin B6, Vitamin B12, Vitamin C, Biotin, Niacin, Kalcijum Pantotenat, Holin Hlorid, Folna kiselina), mineralna hraniva (monokalcijum-fosfat, natrijum-hlorid, Cink-glicinat, cink-sulfat, bakar-sulfat, bakar-glicinat, gvožđe-sulfat, mangan-sulfat, kalcijum-jodat, natrijum selenit, selenski kvasac), antioksidans (BHA, BHT) i konzervans (kalcijum-propionat, fumarna, sorbična i limunska kiselina), Yucca schidigera ekstrakt, manan-oligo-saharidi.","https://firebasestorage.googleapis.com/v0/b/web-shop-model.appspot.com/o/images%2F1741545655220-f1.png?alt=media&token=56c0f860-7995-4b5a-a697-67e71d18508d"
"Y26jcVcl4In6KIgtwNUH","Frendy hrana za pse - Complete menu govedina 20kg","Pet program","Hrana za kućne ljubimce","Gebi","1","false","","Frendy Complete Menu je potpuna hrana za ishranu odraslih pasa svih rasa umerenog nivoa fizičke aktivnosti.
Hrana je napravljena od pažljivo biranih sastojaka vrhunskog kvaliteta. Sadrži sve vitamine i minerale neophodne za pravilnu i uravnoteženu ishranu pasa.
Sadrži visok procenat proteina životinjskog porekla – najmanje 65%.
Obezbeđuje vašim ljubimcima dobro zdravlje, jake kosti, zdrave zube, lepu i sjajnu dlaku.
Za kompletnu i uravnoteženu ishranu odraslih pasa.
Ukus: govedina.
Pakovanje: 20 kg

Saveti za upotrebu: FRENDY COMPLETE je namenjen za ishranu odraslih pasa svih rasa. Koristi se u suvom ili nakvašenom stanju posebno ili u kombinaciji sa drugom hranom.
Ako se dozira u suvom stanju, vašim ljubimcima obezbedite uvek svežu vodu za piće. Ako do sada pas nije uzimao potpunu hranu u suvom stanju, hrana se dozira postepeno, uvek povećavajući dnevnu dozu. Period privikavanja na FRENDY COMPLETE hranu za kućne ljubimce treba da traje najmanje 7 dana. U ovom periodu psu treba davati izmešanu hranu koju je prethodno jeo i FRENDY COMPLETE, tako da se postepeno povećava učešće FRENDY COMPLETE–a u obroku psa.

Sirovinski sastav: Zrnasta hraniva (žitarice – kukuruz, pirinač, pšenica), hraniva životinjskog porekla (dehidrirano meso ćuretine, živinska mast i jaja u prahu), mlinski proizvodi od žita (pšenično brašno i sitne pšenične mekinje), proizvodi industrije šećera (suvi rezanci od šećerne repe), ostali biljni proizvodi (prirodna vlakna – brašno od sušene lucerke), laneno seme, proizvodi industrije alkohola i vrenja (sušeni pivski kvasac), aroma, vitaminska hraniva (Vitamin A, Vitamin D3, Vitamin E, Vitamin K3, Vitamin B1, Vitamin B2, Vitamin B6, Vitamin B12, Vitamin C, Biotin, Niacin, Kalcijum Pantotenat, Holin Hlorid, Folna kiselina), mineralna hraniva (monokalcijum-fosfat, natrijum-hlorid, Cink-glicinat, cink-sulfat, bakar-sulfat, bakar-glicinat, gvožđe-sulfat, mangan-sulfat, kalcijum-jodat, natrijum selenit, selenski kvasac), antioksidans (BHA, BHT) i konzervans (kalcijum-propionat, fumarna, sorbična i limunska kiselina), Yucca schidigera ekstrakt, manan-oligo-saharidi.","https://firebasestorage.googleapis.com/v0/b/web-shop-model.appspot.com/o/images%2F1741545807609-f1.png?alt=media&token=32f97590-a668-45c2-bbab-2b64b4935c5c"
"s0NsvNycq7t6edlmxtmJ","Frendy hrana za pse - Complete menu govedina 3kg","Pet program","Hrana za kućne ljubimce","Gebi","1","false","","Frendy Complete Menu je potpuna hrana za ishranu odraslih pasa svih rasa umerenog nivoa fizičke aktivnosti.
Hrana je napravljena od pažljivo biranih sastojaka vrhunskog kvaliteta. Sadrži sve vitamine i minerale neophodne za pravilnu i uravnoteženu ishranu pasa.
Sadrži visok procenat proteina životinjskog porekla – najmanje 65%.
Obezbeđuje vašim ljubimcima dobro zdravlje, jake kosti, zdrave zube, lepu i sjajnu dlaku.
Za kompletnu i uravnoteženu ishranu odraslih pasa.
Ukus: govedina.
Pakovanje: 3 kg

Saveti za upotrebu: FRENDY COMPLETE je namenjen za ishranu odraslih pasa svih rasa. Koristi se u suvom ili nakvašenom stanju posebno ili u kombinaciji sa drugom hranom.
Ako se dozira u suvom stanju, vašim ljubimcima obezbedite uvek svežu vodu za piće. Ako do sada pas nije uzimao potpunu hranu u suvom stanju, hrana se dozira postepeno, uvek povećavajući dnevnu dozu. Period privikavanja na FRENDY COMPLETE hranu za kućne ljubimce treba da traje najmanje 7 dana. U ovom periodu psu treba davati izmešanu hranu koju je prethodno jeo i FRENDY COMPLETE, tako da se postepeno povećava učešće FRENDY COMPLETE–a u obroku psa.

Sirovinski sastav: Zrnasta hraniva (žitarice – kukuruz, pirinač, pšenica), hraniva životinjskog porekla (dehidrirano meso ćuretine, živinska mast i jaja u prahu), mlinski proizvodi od žita (pšenično brašno i sitne pšenične mekinje), proizvodi industrije šećera (suvi rezanci od šećerne repe), ostali biljni proizvodi (prirodna vlakna – brašno od sušene lucerke), laneno seme, proizvodi industrije alkohola i vrenja (sušeni pivski kvasac), aroma, vitaminska hraniva (Vitamin A, Vitamin D3, Vitamin E, Vitamin K3, Vitamin B1, Vitamin B2, Vitamin B6, Vitamin B12, Vitamin C, Biotin, Niacin, Kalcijum Pantotenat, Holin Hlorid, Folna kiselina), mineralna hraniva (monokalcijum-fosfat, natrijum-hlorid, Cink-glicinat, cink-sulfat, bakar-sulfat, bakar-glicinat, gvožđe-sulfat, mangan-sulfat, kalcijum-jodat, natrijum selenit, selenski kvasac), antioksidans (BHA, BHT) i konzervans (kalcijum-propionat, fumarna, sorbična i limunska kiselina), Yucca schidigera ekstrakt, manan-oligo-saharidi.","https://firebasestorage.googleapis.com/v0/b/web-shop-model.appspot.com/o/images%2F1741545703665-f1.png?alt=media&token=1128ab93-27ba-4fac-bf7e-ef0367a2efa2"
"oyLY97OhZtPinCFWMo50","Frendy hrana za pse - Complete menu jagnjetina 10kg","Pet program","Hrana za kućne ljubimce","Gebi","1","false","","Frendy Complete Menu je potpuna hrana za ishranu odraslih pasa svih rasa umerenog nivoa fizičke aktivnosti.
Hrana je napravljena od pažljivo biranih sastojaka vrhunskog kvaliteta. Sadrži sve vitamine i minerale neophodne za pravilnu i uravnoteženu ishranu pasa.
Sadrži visok procenat proteina životinjskog porekla – najmanje 65%.
Obezbeđuje vašim ljubimcima dobro zdravlje, jake kosti, zdrave zube, lepu i sjajnu dlaku.
Za kompletnu i uravnoteženu ishranu odraslih pasa.
Ukus: jagnjetina.
Pakovanje: 10 kg

Saveti za upotrebu: FRENDY COMPLETE je namenjen za ishranu odraslih pasa svih rasa. Koristi se u suvom ili nakvašenom stanju posebno ili u kombinaciji sa drugom hranom.
Ako se dozira u suvom stanju, vašim ljubimcima obezbedite uvek svežu vodu za piće. Ako do sada pas nije uzimao potpunu hranu u suvom stanju, hrana se dozira postepeno, uvek povećavajući dnevnu dozu. Period privikavanja na FRENDY COMPLETE hranu za kućne ljubimce treba da traje najmanje 7 dana. U ovom periodu psu treba davati izmešanu hranu koju je prethodno jeo i FRENDY COMPLETE, tako da se postepeno povećava učešće FRENDY COMPLETE–a u obroku psa.

Sirovinski sastav: Zrnasta hraniva (žitarice – kukuruz, pirinač, pšenica), hraniva životinjskog porekla (dehidrirano meso ćuretine, živinska mast i jaja u prahu), mlinski proizvodi od žita (pšenično brašno i sitne pšenične mekinje), proizvodi industrije šećera (suvi rezanci od šećerne repe), ostali biljni proizvodi (prirodna vlakna – brašno od sušene lucerke), laneno seme, proizvodi industrije alkohola i vrenja (sušeni pivski kvasac), aroma, vitaminska hraniva (Vitamin A, Vitamin D3, Vitamin E, Vitamin K3, Vitamin B1, Vitamin B2, Vitamin B6, Vitamin B12, Vitamin C, Biotin, Niacin, Kalcijum Pantotenat, Holin Hlorid, Folna kiselina), mineralna hraniva (monokalcijum-fosfat, natrijum-hlorid, Cink-glicinat, cink-sulfat, bakar-sulfat, bakar-glicinat, gvožđe-sulfat, mangan-sulfat, kalcijum-jodat, natrijum selenit, selenski kvasac), antioksidans (BHA, BHT) i konzervans (kalcijum-propionat, fumarna, sorbična i limunska kiselina), Yucca schidigera ekstrakt, manan-oligo-saharidi.","https://firebasestorage.googleapis.com/v0/b/web-shop-model.appspot.com/o/images%2F1741545559258-f1.png?alt=media&token=851c51fa-9ceb-410d-95cf-a1f72bf1881c"
"7rgEMu9i57n4IkVfouzB","Frendy hrana za pse - Complete menu jagnjetina 1kg","Pet program","Hrana za kućne ljubimce","Gebi","1","false","","Frendy Complete Menu je potpuna hrana za ishranu odraslih pasa svih rasa umerenog nivoa fizičke aktivnosti.
Hrana je napravljena od pažljivo biranih sastojaka vrhunskog kvaliteta. Sadrži sve vitamine i minerale neophodne za pravilnu i uravnoteženu ishranu pasa.
Sadrži visok procenat proteina životinjskog porekla – najmanje 65%.
Obezbeđuje vašim ljubimcima dobro zdravlje, jake kosti, zdrave zube, lepu i sjajnu dlaku.
Za kompletnu i uravnoteženu ishranu odraslih pasa.
Ukus: jagnjetina.
Pakovanje: 1 kg

Saveti za upotrebu: FRENDY COMPLETE je namenjen za ishranu odraslih pasa svih rasa. Koristi se u suvom ili nakvašenom stanju posebno ili u kombinaciji sa drugom hranom.
Ako se dozira u suvom stanju, vašim ljubimcima obezbedite uvek svežu vodu za piće. Ako do sada pas nije uzimao potpunu hranu u suvom stanju, hrana se dozira postepeno, uvek povećavajući dnevnu dozu. Period privikavanja na FRENDY COMPLETE hranu za kućne ljubimce treba da traje najmanje 7 dana. U ovom periodu psu treba davati izmešanu hranu koju je prethodno jeo i FRENDY COMPLETE, tako da se postepeno povećava učešće FRENDY COMPLETE–a u obroku psa.

Sirovinski sastav: Zrnasta hraniva (žitarice – kukuruz, pirinač, pšenica), hraniva životinjskog porekla (dehidrirano meso ćuretine, živinska mast i jaja u prahu), mlinski proizvodi od žita (pšenično brašno i sitne pšenične mekinje), proizvodi industrije šećera (suvi rezanci od šećerne repe), ostali biljni proizvodi (prirodna vlakna – brašno od sušene lucerke), laneno seme, proizvodi industrije alkohola i vrenja (sušeni pivski kvasac), aroma, vitaminska hraniva (Vitamin A, Vitamin D3, Vitamin E, Vitamin K3, Vitamin B1, Vitamin B2, Vitamin B6, Vitamin B12, Vitamin C, Biotin, Niacin, Kalcijum Pantotenat, Holin Hlorid, Folna kiselina), mineralna hraniva (monokalcijum-fosfat, natrijum-hlorid, Cink-glicinat, cink-sulfat, bakar-sulfat, bakar-glicinat, gvožđe-sulfat, mangan-sulfat, kalcijum-jodat, natrijum selenit, selenski kvasac), antioksidans (BHA, BHT) i konzervans (kalcijum-propionat, fumarna, sorbična i limunska kiselina), Yucca schidigera ekstrakt, manan-oligo-saharidi.","https://firebasestorage.googleapis.com/v0/b/web-shop-model.appspot.com/o/images%2F1741545468401-f1.png?alt=media&token=8cc81490-6ad9-40a6-911b-7c550457e518"
"NniioWoA1dETlNASoM3K","Frendy hrana za pse - Complete menu jagnjetina 20kg","Pet program","Hrana za kućne ljubimce","Gebi","1","false","","Frendy Complete Menu je potpuna hrana za ishranu odraslih pasa svih rasa umerenog nivoa fizičke aktivnosti.
Hrana je napravljena od pažljivo biranih sastojaka vrhunskog kvaliteta. Sadrži sve vitamine i minerale neophodne za pravilnu i uravnoteženu ishranu pasa.
Sadrži visok procenat proteina životinjskog porekla – najmanje 65%.
Obezbeđuje vašim ljubimcima dobro zdravlje, jake kosti, zdrave zube, lepu i sjajnu dlaku.
Za kompletnu i uravnoteženu ishranu odraslih pasa.
Ukus: jagnjetina.
Pakovanje: 20 kg

Saveti za upotrebu: FRENDY COMPLETE je namenjen za ishranu odraslih pasa svih rasa. Koristi se u suvom ili nakvašenom stanju posebno ili u kombinaciji sa drugom hranom.
Ako se dozira u suvom stanju, vašim ljubimcima obezbedite uvek svežu vodu za piće. Ako do sada pas nije uzimao potpunu hranu u suvom stanju, hrana se dozira postepeno, uvek povećavajući dnevnu dozu. Period privikavanja na FRENDY COMPLETE hranu za kućne ljubimce treba da traje najmanje 7 dana. U ovom periodu psu treba davati izmešanu hranu koju je prethodno jeo i FRENDY COMPLETE, tako da se postepeno povećava učešće FRENDY COMPLETE–a u obroku psa.

Sirovinski sastav: Zrnasta hraniva (žitarice – kukuruz, pirinač, pšenica), hraniva životinjskog porekla (dehidrirano meso ćuretine, živinska mast i jaja u prahu), mlinski proizvodi od žita (pšenično brašno i sitne pšenične mekinje), proizvodi industrije šećera (suvi rezanci od šećerne repe), ostali biljni proizvodi (prirodna vlakna – brašno od sušene lucerke), laneno seme, proizvodi industrije alkohola i vrenja (sušeni pivski kvasac), aroma, vitaminska hraniva (Vitamin A, Vitamin D3, Vitamin E, Vitamin K3, Vitamin B1, Vitamin B2, Vitamin B6, Vitamin B12, Vitamin C, Biotin, Niacin, Kalcijum Pantotenat, Holin Hlorid, Folna kiselina), mineralna hraniva (monokalcijum-fosfat, natrijum-hlorid, Cink-glicinat, cink-sulfat, bakar-sulfat, bakar-glicinat, gvožđe-sulfat, mangan-sulfat, kalcijum-jodat, natrijum selenit, selenski kvasac), antioksidans (BHA, BHT) i konzervans (kalcijum-propionat, fumarna, sorbična i limunska kiselina), Yucca schidigera ekstrakt, manan-oligo-saharidi.","https://firebasestorage.googleapis.com/v0/b/web-shop-model.appspot.com/o/images%2F1741545605947-f1.png?alt=media&token=2e365250-2f44-4e8e-b5b0-3fab98c44013"
"fxjZdO3Iwie3zR3ddOAr","Frendy hrana za pse - Complete menu jagnjetina 3kg","Pet program","Hrana za kućne ljubimce","Gebi","1","false","","Frendy Complete Menu je potpuna hrana za ishranu odraslih pasa svih rasa umerenog nivoa fizičke aktivnosti.
Hrana je napravljena od pažljivo biranih sastojaka vrhunskog kvaliteta. Sadrži sve vitamine i minerale neophodne za pravilnu i uravnoteženu ishranu pasa.
Sadrži visok procenat proteina životinjskog porekla – najmanje 65%.
Obezbeđuje vašim ljubimcima dobro zdravlje, jake kosti, zdrave zube, lepu i sjajnu dlaku.
Za kompletnu i uravnoteženu ishranu odraslih pasa.
Ukus: jagnjetina.
Pakovanje: 3 kg

Saveti za upotrebu: FRENDY COMPLETE je namenjen za ishranu odraslih pasa svih rasa. Koristi se u suvom ili nakvašenom stanju posebno ili u kombinaciji sa drugom hranom.
Ako se dozira u suvom stanju, vašim ljubimcima obezbedite uvek svežu vodu za piće. Ako do sada pas nije uzimao potpunu hranu u suvom stanju, hrana se dozira postepeno, uvek povećavajući dnevnu dozu. Period privikavanja na FRENDY COMPLETE hranu za kućne ljubimce treba da traje najmanje 7 dana. U ovom periodu psu treba davati izmešanu hranu koju je prethodno jeo i FRENDY COMPLETE, tako da se postepeno povećava učešće FRENDY COMPLETE–a u obroku psa.

Sirovinski sastav: Zrnasta hraniva (žitarice – kukuruz, pirinač, pšenica), hraniva životinjskog porekla (dehidrirano meso ćuretine, živinska mast i jaja u prahu), mlinski proizvodi od žita (pšenično brašno i sitne pšenične mekinje), proizvodi industrije šećera (suvi rezanci od šećerne repe), ostali biljni proizvodi (prirodna vlakna – brašno od sušene lucerke), laneno seme, proizvodi industrije alkohola i vrenja (sušeni pivski kvasac), aroma, vitaminska hraniva (Vitamin A, Vitamin D3, Vitamin E, Vitamin K3, Vitamin B1, Vitamin B2, Vitamin B6, Vitamin B12, Vitamin C, Biotin, Niacin, Kalcijum Pantotenat, Holin Hlorid, Folna kiselina), mineralna hraniva (monokalcijum-fosfat, natrijum-hlorid, Cink-glicinat, cink-sulfat, bakar-sulfat, bakar-glicinat, gvožđe-sulfat, mangan-sulfat, kalcijum-jodat, natrijum selenit, selenski kvasac), antioksidans (BHA, BHT) i konzervans (kalcijum-propionat, fumarna, sorbična i limunska kiselina), Yucca schidigera ekstrakt, manan-oligo-saharidi.","https://firebasestorage.googleapis.com/v0/b/web-shop-model.appspot.com/o/images%2F1741545515471-f1.png?alt=media&token=78cf20a4-7e20-4eeb-888f-b7bde0eed4b7"
"oHwIbvY6WJW5iq5VaKb5","Frendy hrana za pse - Complete menu piletina 10kg","Pet program","Hrana za kućne ljubimce","Gebi","1","false","","Frendy Complete Menu je potpuna hrana za ishranu odraslih pasa svih rasa umerenog nivoa fizičke aktivnosti.
Hrana je napravljena od pažljivo biranih sastojaka vrhunskog kvaliteta. Sadrži sve vitamine i minerale neophodne za pravilnu i uravnoteženu ishranu pasa.
Sadrži visok procenat proteina životinjskog porekla – najmanje 65%.
Obezbeđuje vašim ljubimcima dobro zdravlje, jake kosti, zdrave zube, lepu i sjajnu dlaku.
Za kompletnu i uravnoteženu ishranu odraslih pasa.
Ukus: piletina.
Pakovanje: 10 kg

Saveti za upotrebu: FRENDY COMPLETE je namenjen za ishranu odraslih pasa svih rasa. Koristi se u suvom ili nakvašenom stanju posebno ili u kombinaciji sa drugom hranom.
Ako se dozira u suvom stanju, vašim ljubimcima obezbedite uvek svežu vodu za piće. Ako do sada pas nije uzimao potpunu hranu u suvom stanju, hrana se dozira postepeno, uvek povećavajući dnevnu dozu. Period privikavanja na FRENDY COMPLETE hranu za kućne ljubimce treba da traje najmanje 7 dana. U ovom periodu psu treba davati izmešanu hranu koju je prethodno jeo i FRENDY COMPLETE, tako da se postepeno povećava učešće FRENDY COMPLETE–a u obroku psa.

Sirovinski sastav: Zrnasta hraniva (žitarice – kukuruz, pirinač, pšenica), hraniva životinjskog porekla (dehidrirano meso ćuretine, živinska mast i jaja u prahu), mlinski proizvodi od žita (pšenično brašno i sitne pšenične mekinje), proizvodi industrije šećera (suvi rezanci od šećerne repe), ostali biljni proizvodi (prirodna vlakna – brašno od sušene lucerke), laneno seme, proizvodi industrije alkohola i vrenja (sušeni pivski kvasac), aroma, vitaminska hraniva (Vitamin A, Vitamin D3, Vitamin E, Vitamin K3, Vitamin B1, Vitamin B2, Vitamin B6, Vitamin B12, Vitamin C, Biotin, Niacin, Kalcijum Pantotenat, Holin Hlorid, Folna kiselina), mineralna hraniva (monokalcijum-fosfat, natrijum-hlorid, Cink-glicinat, cink-sulfat, bakar-sulfat, bakar-glicinat, gvožđe-sulfat, mangan-sulfat, kalcijum-jodat, natrijum selenit, selenski kvasac), antioksidans (BHA, BHT) i konzervans (kalcijum-propionat, fumarna, sorbična i limunska kiselina), Yucca schidigera ekstrakt, manan-oligo-saharidi.","https://firebasestorage.googleapis.com/v0/b/web-shop-model.appspot.com/o/images%2F1741545321208-f1.png?alt=media&token=68e96f48-d51b-46e8-8938-41ff15cbe196"
"E0yLHi8hUWnyy181qpuf","Frendy hrana za pse - Complete menu piletina 1kg","Pet program","Hrana za kućne ljubimce","Gebi","1","false","","Frendy Complete Menu je potpuna hrana za ishranu odraslih pasa svih rasa umerenog nivoa fizičke aktivnosti.
Hrana je napravljena od pažljivo biranih sastojaka vrhunskog kvaliteta. Sadrži sve vitamine i minerale neophodne za pravilnu i uravnoteženu ishranu pasa.
Sadrži visok procenat proteina životinjskog porekla – najmanje 65%.
Obezbeđuje vašim ljubimcima dobro zdravlje, jake kosti, zdrave zube, lepu i sjajnu dlaku.
Za kompletnu i uravnoteženu ishranu odraslih pasa.
Ukus: piletina.
Pakovanje: 1 kg

Saveti za upotrebu: FRENDY COMPLETE je namenjen za ishranu odraslih pasa svih rasa. Koristi se u suvom ili nakvašenom stanju posebno ili u kombinaciji sa drugom hranom.
Ako se dozira u suvom stanju, vašim ljubimcima obezbedite uvek svežu vodu za piće. Ako do sada pas nije uzimao potpunu hranu u suvom stanju, hrana se dozira postepeno, uvek povećavajući dnevnu dozu. Period privikavanja na FRENDY COMPLETE hranu za kućne ljubimce treba da traje najmanje 7 dana. U ovom periodu psu treba davati izmešanu hranu koju je prethodno jeo i FRENDY COMPLETE, tako da se postepeno povećava učešće FRENDY COMPLETE–a u obroku psa.

Sirovinski sastav: Zrnasta hraniva (žitarice – kukuruz, pirinač, pšenica), hraniva životinjskog porekla (dehidrirano meso ćuretine, živinska mast i jaja u prahu), mlinski proizvodi od žita (pšenično brašno i sitne pšenične mekinje), proizvodi industrije šećera (suvi rezanci od šećerne repe), ostali biljni proizvodi (prirodna vlakna – brašno od sušene lucerke), laneno seme, proizvodi industrije alkohola i vrenja (sušeni pivski kvasac), aroma, vitaminska hraniva (Vitamin A, Vitamin D3, Vitamin E, Vitamin K3, Vitamin B1, Vitamin B2, Vitamin B6, Vitamin B12, Vitamin C, Biotin, Niacin, Kalcijum Pantotenat, Holin Hlorid, Folna kiselina), mineralna hraniva (monokalcijum-fosfat, natrijum-hlorid, Cink-glicinat, cink-sulfat, bakar-sulfat, bakar-glicinat, gvožđe-sulfat, mangan-sulfat, kalcijum-jodat, natrijum selenit, selenski kvasac), antioksidans (BHA, BHT) i konzervans (kalcijum-propionat, fumarna, sorbična i limunska kiselina), Yucca schidigera ekstrakt, manan-oligo-saharidi.","https://firebasestorage.googleapis.com/v0/b/web-shop-model.appspot.com/o/images%2F1741545118806-f1.png?alt=media&token=c12fc395-5ee7-42a0-ae70-d9f982638345"
"psR5MNkRBKDbrIGFQhf3","Frendy hrana za pse - Complete menu piletina 20kg","Pet program","Hrana za kućne ljubimce","Gebi","1","false","","Frendy Complete Menu je potpuna hrana za ishranu odraslih pasa svih rasa umerenog nivoa fizičke aktivnosti.
Hrana je napravljena od pažljivo biranih sastojaka vrhunskog kvaliteta. Sadrži sve vitamine i minerale neophodne za pravilnu i uravnoteženu ishranu pasa.
Sadrži visok procenat proteina životinjskog porekla – najmanje 65%.
Obezbeđuje vašim ljubimcima dobro zdravlje, jake kosti, zdrave zube, lepu i sjajnu dlaku.
Za kompletnu i uravnoteženu ishranu odraslih pasa.
Ukus: piletina.
Pakovanje: 20 kg

Saveti za upotrebu: FRENDY COMPLETE je namenjen za ishranu odraslih pasa svih rasa. Koristi se u suvom ili nakvašenom stanju posebno ili u kombinaciji sa drugom hranom.
Ako se dozira u suvom stanju, vašim ljubimcima obezbedite uvek svežu vodu za piće. Ako do sada pas nije uzimao potpunu hranu u suvom stanju, hrana se dozira postepeno, uvek povećavajući dnevnu dozu. Period privikavanja na FRENDY COMPLETE hranu za kućne ljubimce treba da traje najmanje 7 dana. U ovom periodu psu treba davati izmešanu hranu koju je prethodno jeo i FRENDY COMPLETE, tako da se postepeno povećava učešće FRENDY COMPLETE–a u obroku psa.

Sirovinski sastav: Zrnasta hraniva (žitarice – kukuruz, pirinač, pšenica), hraniva životinjskog porekla (dehidrirano meso ćuretine, živinska mast i jaja u prahu), mlinski proizvodi od žita (pšenično brašno i sitne pšenične mekinje), proizvodi industrije šećera (suvi rezanci od šećerne repe), ostali biljni proizvodi (prirodna vlakna – brašno od sušene lucerke), laneno seme, proizvodi industrije alkohola i vrenja (sušeni pivski kvasac), aroma, vitaminska hraniva (Vitamin A, Vitamin D3, Vitamin E, Vitamin K3, Vitamin B1, Vitamin B2, Vitamin B6, Vitamin B12, Vitamin C, Biotin, Niacin, Kalcijum Pantotenat, Holin Hlorid, Folna kiselina), mineralna hraniva (monokalcijum-fosfat, natrijum-hlorid, Cink-glicinat, cink-sulfat, bakar-sulfat, bakar-glicinat, gvožđe-sulfat, mangan-sulfat, kalcijum-jodat, natrijum selenit, selenski kvasac), antioksidans (BHA, BHT) i konzervans (kalcijum-propionat, fumarna, sorbična i limunska kiselina), Yucca schidigera ekstrakt, manan-oligo-saharidi.","https://firebasestorage.googleapis.com/v0/b/web-shop-model.appspot.com/o/images%2F1741545369934-f1.png?alt=media&token=2c5dc38c-d670-4543-b60d-8bec17f6a683"
"8hZ6RRhduyzsgAS5SvAR","Frendy hrana za pse - Complete menu piletina 3kg","Pet program","Hrana za kućne ljubimce","Gebi","1","false","","Frendy Complete Menu je potpuna hrana za ishranu odraslih pasa svih rasa umerenog nivoa fizičke aktivnosti.
Hrana je napravljena od pažljivo biranih sastojaka vrhunskog kvaliteta. Sadrži sve vitamine i minerale neophodne za pravilnu i uravnoteženu ishranu pasa.
Sadrži visok procenat proteina životinjskog porekla – najmanje 65%.
Obezbeđuje vašim ljubimcima dobro zdravlje, jake kosti, zdrave zube, lepu i sjajnu dlaku.
Za kompletnu i uravnoteženu ishranu odraslih pasa.
Ukus: piletina.
Pakovanje: 3 kg

Saveti za upotrebu: FRENDY COMPLETE je namenjen za ishranu odraslih pasa svih rasa. Koristi se u suvom ili nakvašenom stanju posebno ili u kombinaciji sa drugom hranom.
Ako se dozira u suvom stanju, vašim ljubimcima obezbedite uvek svežu vodu za piće. Ako do sada pas nije uzimao potpunu hranu u suvom stanju, hrana se dozira postepeno, uvek povećavajući dnevnu dozu. Period privikavanja na FRENDY COMPLETE hranu za kućne ljubimce treba da traje najmanje 7 dana. U ovom periodu psu treba davati izmešanu hranu koju je prethodno jeo i FRENDY COMPLETE, tako da se postepeno povećava učešće FRENDY COMPLETE–a u obroku psa.

Sirovinski sastav: Zrnasta hraniva (žitarice – kukuruz, pirinač, pšenica), hraniva životinjskog porekla (dehidrirano meso ćuretine, živinska mast i jaja u prahu), mlinski proizvodi od žita (pšenično brašno i sitne pšenične mekinje), proizvodi industrije šećera (suvi rezanci od šećerne repe), ostali biljni proizvodi (prirodna vlakna – brašno od sušene lucerke), laneno seme, proizvodi industrije alkohola i vrenja (sušeni pivski kvasac), aroma, vitaminska hraniva (Vitamin A, Vitamin D3, Vitamin E, Vitamin K3, Vitamin B1, Vitamin B2, Vitamin B6, Vitamin B12, Vitamin C, Biotin, Niacin, Kalcijum Pantotenat, Holin Hlorid, Folna kiselina), mineralna hraniva (monokalcijum-fosfat, natrijum-hlorid, Cink-glicinat, cink-sulfat, bakar-sulfat, bakar-glicinat, gvožđe-sulfat, mangan-sulfat, kalcijum-jodat, natrijum selenit, selenski kvasac), antioksidans (BHA, BHT) i konzervans (kalcijum-propionat, fumarna, sorbična i limunska kiselina), Yucca schidigera ekstrakt, manan-oligo-saharidi.","https://firebasestorage.googleapis.com/v0/b/web-shop-model.appspot.com/o/images%2F1741545275088-f1.png?alt=media&token=6c76b8dc-baf6-43a3-8387-dada0f88e311"
"9TsfQzvdS9Z1gKkRoINb","Frendy hrana za pse - Hunter menu ćuretina 10kg","Pet program","Hrana za kućne ljubimce","Gebi","1","false","","Frendy Hunter Menu je potpuna hrana za ishranu svih rasa lovačkih pasa.
Hrana je napravljena od pažljivo biranih sastojaka vrhunskog kvaliteta. Sadrži sve vitamine i minerale neophodne za pravilnu i uravnoteženu ishranu pasa.
Sadrži visok procenat proteina životinjskog porekla – najmanje 69%.
Obezbeđuje vašim ljubimcima dobro zdravlje, jake kosti, zdrave zube, lepu i sjajnu dlaku.
Ukus: ćuretina.
Pakovanje: 10 kg

Saveti za upotrebu
FRENDY HUNTER je namenjen za ishranu svih rasa lovačkih pasa. Koristi se u suvom ili nakvašenom stanju posebno ili u kombinaciji sa drugom hranom. Ako se dozira u suvom stanju, vašim ljubimcima obezbedite uvek svežu vodu za piće. Ako do sada pas nije uzimao potpunu hranu u suvom stanju, hrana se dozira postepeno, uvek povećavajući dnevnu dozu. Period privikavanja na FRENDY HUNTER hranu za kućne ljubimce treba da traje najmanje 7 dana. U ovom periodu psu treba davati izmešanu hranu koju je prethodno jeo i FRENDY HUNTER, tako da se postepeno povećava učešće FRENDY HUNTER–a u obroku psa.

Sirovinski sastav: Zrnasta hraniva (žitarice – kukuruz, pirinač, pšenica), hraniva životinjskog porekla (dehidrirano meso ćuretine, živinska mast i jaja u prahu), mlinski proizvodi od žita (pšenično brašno i sitne pšenične mekinje), proizvodi industrije skroba (kukuruzni gluten prvog kvaliteta), proizvodi industrije šećera (suvi rezanci od šećerne repe), laneno seme, proizvodi industrije alkohola i vrenja (sušeni pivski kvasac), aroma, vitaminska hraniva (Vitamin A, Vitamin D3, Vitamin E, Vitamin K3, Vitamin B1, Vitamin B2, Vitamin B6, Vitamin B12, Vitamin C, Biotin, Niacin, Kalcijum Pantotenat, Holin Hlorid, Folna kiselina), mineralna hraniva (natrijum-hlorid, Cink-glicinat, cink-sulfat, bakar-sulfat, bakar-glicinat, gvožđe-sulfat, mangan-sulfat, kalcijum-jodat, natrijum selenit, selenski kvasac), antioksidans (BHA, BHT) i konzervans (kalcijum-propionat, fumarna, sorbična i limunska kiselina), Yucca schidigera ekstrakt, manan-oligo-saharidi.","https://firebasestorage.googleapis.com/v0/b/web-shop-model.appspot.com/o/images%2F1741548005857-fhunter-3D-solo.png?alt=media&token=afacc15c-7147-4778-9cb6-232c6ed3861c"
"RsxM18wNoRcjmwK6mW6h","Frendy hrana za pse - Hunter menu ćuretina 20kg","Pet program","Hrana za kućne ljubimce","Gebi","1","false","","Frendy Hunter Menu je potpuna hrana za ishranu svih rasa lovačkih pasa.
Hrana je napravljena od pažljivo biranih sastojaka vrhunskog kvaliteta. Sadrži sve vitamine i minerale neophodne za pravilnu i uravnoteženu ishranu pasa.
Sadrži visok procenat proteina životinjskog porekla – najmanje 69%.
Obezbeđuje vašim ljubimcima dobro zdravlje, jake kosti, zdrave zube, lepu i sjajnu dlaku.
Ukus: ćuretina.
Pakovanje: 20 kg

Saveti za upotrebu
FRENDY HUNTER je namenjen za ishranu svih rasa lovačkih pasa. Koristi se u suvom ili nakvašenom stanju posebno ili u kombinaciji sa drugom hranom. Ako se dozira u suvom stanju, vašim ljubimcima obezbedite uvek svežu vodu za piće. Ako do sada pas nije uzimao potpunu hranu u suvom stanju, hrana se dozira postepeno, uvek povećavajući dnevnu dozu. Period privikavanja na FRENDY HUNTER hranu za kućne ljubimce treba da traje najmanje 7 dana. U ovom periodu psu treba davati izmešanu hranu koju je prethodno jeo i FRENDY HUNTER, tako da se postepeno povećava učešće FRENDY HUNTER–a u obroku psa.

Sirovinski sastav: Zrnasta hraniva (žitarice – kukuruz, pirinač, pšenica), hraniva životinjskog porekla (dehidrirano meso ćuretine, živinska mast i jaja u prahu), mlinski proizvodi od žita (pšenično brašno i sitne pšenične mekinje), proizvodi industrije skroba (kukuruzni gluten prvog kvaliteta), proizvodi industrije šećera (suvi rezanci od šećerne repe), laneno seme, proizvodi industrije alkohola i vrenja (sušeni pivski kvasac), aroma, vitaminska hraniva (Vitamin A, Vitamin D3, Vitamin E, Vitamin K3, Vitamin B1, Vitamin B2, Vitamin B6, Vitamin B12, Vitamin C, Biotin, Niacin, Kalcijum Pantotenat, Holin Hlorid, Folna kiselina), mineralna hraniva (natrijum-hlorid, Cink-glicinat, cink-sulfat, bakar-sulfat, bakar-glicinat, gvožđe-sulfat, mangan-sulfat, kalcijum-jodat, natrijum selenit, selenski kvasac), antioksidans (BHA, BHT) i konzervans (kalcijum-propionat, fumarna, sorbična i limunska kiselina), Yucca schidigera ekstrakt, manan-oligo-saharidi.","https://firebasestorage.googleapis.com/v0/b/web-shop-model.appspot.com/o/images%2F1741548055203-fhunter-3D-solo.png?alt=media&token=43964609-fa40-4587-8a58-cf8bf4923ef8"
"7Z0rGTiEArinoQP2hX5r","Frendy hrana za pse - Hunter menu ćuretina 3kg","Pet program","Hrana za kućne ljubimce","Gebi","1","false","","Frendy Hunter Menu je potpuna hrana za ishranu svih rasa lovačkih pasa.
Hrana je napravljena od pažljivo biranih sastojaka vrhunskog kvaliteta. Sadrži sve vitamine i minerale neophodne za pravilnu i uravnoteženu ishranu pasa.
Sadrži visok procenat proteina životinjskog porekla – najmanje 69%.
Obezbeđuje vašim ljubimcima dobro zdravlje, jake kosti, zdrave zube, lepu i sjajnu dlaku.
Ukus: ćuretina.
Pakovanje: 3 kg

Saveti za upotrebu
FRENDY HUNTER je namenjen za ishranu svih rasa lovačkih pasa. Koristi se u suvom ili nakvašenom stanju posebno ili u kombinaciji sa drugom hranom. Ako se dozira u suvom stanju, vašim ljubimcima obezbedite uvek svežu vodu za piće. Ako do sada pas nije uzimao potpunu hranu u suvom stanju, hrana se dozira postepeno, uvek povećavajući dnevnu dozu. Period privikavanja na FRENDY HUNTER hranu za kućne ljubimce treba da traje najmanje 7 dana. U ovom periodu psu treba davati izmešanu hranu koju je prethodno jeo i FRENDY HUNTER, tako da se postepeno povećava učešće FRENDY HUNTER–a u obroku psa.

Sirovinski sastav: Zrnasta hraniva (žitarice – kukuruz, pirinač, pšenica), hraniva životinjskog porekla (dehidrirano meso ćuretine, živinska mast i jaja u prahu), mlinski proizvodi od žita (pšenično brašno i sitne pšenične mekinje), proizvodi industrije skroba (kukuruzni gluten prvog kvaliteta), proizvodi industrije šećera (suvi rezanci od šećerne repe), laneno seme, proizvodi industrije alkohola i vrenja (sušeni pivski kvasac), aroma, vitaminska hraniva (Vitamin A, Vitamin D3, Vitamin E, Vitamin K3, Vitamin B1, Vitamin B2, Vitamin B6, Vitamin B12, Vitamin C, Biotin, Niacin, Kalcijum Pantotenat, Holin Hlorid, Folna kiselina), mineralna hraniva (natrijum-hlorid, Cink-glicinat, cink-sulfat, bakar-sulfat, bakar-glicinat, gvožđe-sulfat, mangan-sulfat, kalcijum-jodat, natrijum selenit, selenski kvasac), antioksidans (BHA, BHT) i konzervans (kalcijum-propionat, fumarna, sorbična i limunska kiselina), Yucca schidigera ekstrakt, manan-oligo-saharidi.","https://firebasestorage.googleapis.com/v0/b/web-shop-model.appspot.com/o/images%2F1741547944726-fhunter-3D-solo.png?alt=media&token=80af76d5-ed7d-4744-b912-4b200d1414ba"
"EtevrLMDTp86rxv1IWIh","Frendy hrana za pse - Junior menu ćuretina 10kg","Pet program","Hrana za kućne ljubimce","Gebi","1","false","","Frendy Junior Menu je potpuna hrana za ishranu štenadi pasa svih rasa u fazi dojenja i sve do završetka rasta.
Hrana je napravljena od pažljivo biranih sastojaka vrhunskog kvaliteta. Sadrži sve vitamine i minerale neophodne za pravilnu i uravnoteženu ishranu pasa.
Sadrži visok procenat proteina životinjskog porekla – najmanje 80%.
Granule su po veličini i obliku prilagođene štencima kako bi se olakšalo žvakanje i pospešilo varenje.
Obezbeđuje vašim ljubimcima brz rast i pravilan razvoj, dobro zdravlje, jake kosti, zdrave zube, lepu i sjajnu dlaku.
Za kompletnu i uravnoteženu ishranu štenadi.
Ukus: ćuretina.
Pakovanje: 10 kg

Saveti za upotrebu
FRENDY JUNIOR je namenjen za ishranu štenadi svih rasa pasa. Koristi se u suvom ili nakvašenom stanju posebno ili u kombinaciji sa drugom hranom. Ako se dozira u suvom stanju, vašim ljubimcima obezbedite uvek svežu vodu za piće. Ako do sada pas nije uzimao potpunu hranu u suvom stanju, hrana se dozira postepeno, uvek povećavajući dnevnu dozu. Period privikavanja na FRENDY JUNIOR hranu za kućne ljubimce treba da traje najmanje 7 dana. U ovom periodu psu treba davati izmešanu hranu koju je prethodno jeo i FRENDY JUNIOR, tako da se postepeno povećava učešće FRENDY JUNIOR–a u obroku psa.

Sirovinski sastav: Zrnasta hraniva (žitarice – kukuruz, pirinač, pšenica), hraniva životinjskog porekla (dehidrirano meso ćuretine, živinska mast i jaja u prahu), mlinski proizvodi od žita (pšenično brašno i sitne pšenične mekinje), proizvodi industrije šećera (suvi rezanci od šećerne repe), ostali biljni proizvodi (prirodna vlakna – brašno od sušene lucerke), laneno seme, proizvodi industrije alkohola i vrenja (sušeni pivski kvasac), aroma, vitaminska hraniva (Vitamin A, Vitamin D3,  Vitamin E, Vitamin K3, Vitamin B1, Vitamin B2, Vitamin B6, Vitamin B12, Vitamin C, Biotin, Niacin, Kalcijum Pantotenat, Holin Hlorid, Folna kiselina), mineralna hraniva (kalcijum-karbonat, monokalcijum-fosfat, natrijum-hlorid, Cink-glicinat, cink-sulfat, bakar-sulfat, bakar-glicinat, gvožđe-sulfat, mangan-sulfat, kalcijum-jodat, natrijum selenit, selenski kvasac), antioksidans (BHA, BHT) i konzervans (kalcijum-propionat, fumarna, sorbična i limunska kiselina), Yucca schidigera ekstrakt, manan-oligo-saharidi.","https://firebasestorage.googleapis.com/v0/b/web-shop-model.appspot.com/o/images%2F1741546461990-fjunior.png?alt=media&token=c27f4fec-681e-41a8-8934-e6167ce27035"
"d9YuaZRmmqSP1PA0st5k","Frendy hrana za pse - Junior menu ćuretina 20kg","Pet program","Hrana za kućne ljubimce","Gebi","1","false","","Frendy Junior Menu je potpuna hrana za ishranu štenadi pasa svih rasa u fazi dojenja i sve do završetka rasta.
Hrana je napravljena od pažljivo biranih sastojaka vrhunskog kvaliteta. Sadrži sve vitamine i minerale neophodne za pravilnu i uravnoteženu ishranu pasa.
Sadrži visok procenat proteina životinjskog porekla – najmanje 80%.
Granule su po veličini i obliku prilagođene štencima kako bi se olakšalo žvakanje i pospešilo varenje.
Obezbeđuje vašim ljubimcima brz rast i pravilan razvoj, dobro zdravlje, jake kosti, zdrave zube, lepu i sjajnu dlaku.
Za kompletnu i uravnoteženu ishranu štenadi.
Ukus: ćuretina.
Pakovanje: 20 kg

Saveti za upotrebu
FRENDY JUNIOR je namenjen za ishranu štenadi svih rasa pasa. Koristi se u suvom ili nakvašenom stanju posebno ili u kombinaciji sa drugom hranom. Ako se dozira u suvom stanju, vašim ljubimcima obezbedite uvek svežu vodu za piće. Ako do sada pas nije uzimao potpunu hranu u suvom stanju, hrana se dozira postepeno, uvek povećavajući dnevnu dozu. Period privikavanja na FRENDY JUNIOR hranu za kućne ljubimce treba da traje najmanje 7 dana. U ovom periodu psu treba davati izmešanu hranu koju je prethodno jeo i FRENDY JUNIOR, tako da se postepeno povećava učešće FRENDY JUNIOR–a u obroku psa.

Sirovinski sastav: Zrnasta hraniva (žitarice – kukuruz, pirinač, pšenica), hraniva životinjskog porekla (dehidrirano meso ćuretine, živinska mast i jaja u prahu), mlinski proizvodi od žita (pšenično brašno i sitne pšenične mekinje), proizvodi industrije šećera (suvi rezanci od šećerne repe), ostali biljni proizvodi (prirodna vlakna – brašno od sušene lucerke), laneno seme, proizvodi industrije alkohola i vrenja (sušeni pivski kvasac), aroma, vitaminska hraniva (Vitamin A, Vitamin D3,  Vitamin E, Vitamin K3, Vitamin B1, Vitamin B2, Vitamin B6, Vitamin B12, Vitamin C, Biotin, Niacin, Kalcijum Pantotenat, Holin Hlorid, Folna kiselina), mineralna hraniva (kalcijum-karbonat, monokalcijum-fosfat, natrijum-hlorid, Cink-glicinat, cink-sulfat, bakar-sulfat, bakar-glicinat, gvožđe-sulfat, mangan-sulfat, kalcijum-jodat, natrijum selenit, selenski kvasac), antioksidans (BHA, BHT) i konzervans (kalcijum-propionat, fumarna, sorbična i limunska kiselina), Yucca schidigera ekstrakt, manan-oligo-saharidi.","https://firebasestorage.googleapis.com/v0/b/web-shop-model.appspot.com/o/images%2F1741546515285-fjunior.png?alt=media&token=992a6cb6-7d31-4fd9-8f6d-bc7e7d849d08"
"4zWXD4XyEVvvlqseBuSr","Frendy hrana za pse - Junior menu ćuretina 3kg","Pet program","Hrana za kućne ljubimce","Gebi","1","false","","Frendy Junior Menu je potpuna hrana za ishranu štenadi pasa svih rasa u fazi dojenja i sve do završetka rasta.
Hrana je napravljena od pažljivo biranih sastojaka vrhunskog kvaliteta. Sadrži sve vitamine i minerale neophodne za pravilnu i uravnoteženu ishranu pasa.
Sadrži visok procenat proteina životinjskog porekla – najmanje 80%.
Granule su po veličini i obliku prilagođene štencima kako bi se olakšalo žvakanje i pospešilo varenje.
Obezbeđuje vašim ljubimcima brz rast i pravilan razvoj, dobro zdravlje, jake kosti, zdrave zube, lepu i sjajnu dlaku.
Za kompletnu i uravnoteženu ishranu štenadi.
Ukus: ćuretina.
Pakovanje: 3 kg

Saveti za upotrebu
FRENDY JUNIOR je namenjen za ishranu štenadi svih rasa pasa. Koristi se u suvom ili nakvašenom stanju posebno ili u kombinaciji sa drugom hranom. Ako se dozira u suvom stanju, vašim ljubimcima obezbedite uvek svežu vodu za piće. Ako do sada pas nije uzimao potpunu hranu u suvom stanju, hrana se dozira postepeno, uvek povećavajući dnevnu dozu. Period privikavanja na FRENDY JUNIOR hranu za kućne ljubimce treba da traje najmanje 7 dana. U ovom periodu psu treba davati izmešanu hranu koju je prethodno jeo i FRENDY JUNIOR, tako da se postepeno povećava učešće FRENDY JUNIOR–a u obroku psa.

Sirovinski sastav: Zrnasta hraniva (žitarice – kukuruz, pirinač, pšenica), hraniva životinjskog porekla (dehidrirano meso ćuretine, živinska mast i jaja u prahu), mlinski proizvodi od žita (pšenično brašno i sitne pšenične mekinje), proizvodi industrije šećera (suvi rezanci od šećerne repe), ostali biljni proizvodi (prirodna vlakna – brašno od sušene lucerke), laneno seme, proizvodi industrije alkohola i vrenja (sušeni pivski kvasac), aroma, vitaminska hraniva (Vitamin A, Vitamin D3,  Vitamin E, Vitamin K3, Vitamin B1, Vitamin B2, Vitamin B6, Vitamin B12, Vitamin C, Biotin, Niacin, Kalcijum Pantotenat, Holin Hlorid, Folna kiselina), mineralna hraniva (kalcijum-karbonat, monokalcijum-fosfat, natrijum-hlorid, Cink-glicinat, cink-sulfat, bakar-sulfat, bakar-glicinat, gvožđe-sulfat, mangan-sulfat, kalcijum-jodat, natrijum selenit, selenski kvasac), antioksidans (BHA, BHT) i konzervans (kalcijum-propionat, fumarna, sorbična i limunska kiselina), Yucca schidigera ekstrakt, manan-oligo-saharidi.","https://firebasestorage.googleapis.com/v0/b/web-shop-model.appspot.com/o/images%2F1741546400905-fjunior.png?alt=media&token=5fb0c307-1180-4fe7-a5d7-f7cb51ccae3c"
"HP1rM9vWVAI8lLWQURfN","Frendy hrana za pse - konzerva sa govedinom 1230gr","Pet program","Hrana za kućne ljubimce","Gebi","1","false","","FRENDY konzerva je vlažna hrana za ishranu pasa svih rasa i uzrasnih kategorija. Hrana je napravljena od pažljivo biranih sastojaka vrhunskog kvaliteta i obezbeđuje psu kompletan obrok. Sadrži sve vitamine i minerale neophodne za pravilnu i izbalansiranu ishranu. Psi je vrlo rado konzumiraju. Zbog dobre svarljivosti, preporučuje se kod pasa sa slabijim apetitom, kao i onih koji su pod stresom različite prirode. Može se koristiti i kao dodatak suvoj hrani.
Pakovanje: 1230gr

Saveti za upotrebu
FRENDY hrana iz konzerve se koristi posebno ili u kombinaciji sa drugom hranom. Hrana je najukusnija na sobnoj temperaturu, 20 – 25oC.
Ako pas do sada nije konzumirao FRENDY hranu iz konzerve, treba je dozirati postepeno, povećavajući količinu svakog dana. Period privikavanja na FRENDY hranu iz konzerve treba da traje najmanje 7 dana. U ovom periodu Vašem ljubimcu treba davati hranu koju je prethodno jeo i FRENDY hranu iz konzerve, tako da se postepeno povećava učešće FRENDY hrane iz konzerve u obroku psa.
Nakona otvaranja FRENDY konzerve, čuvati je na hladnom i tamnom mestu najviše 3 dana! Održavajte higijenu posuda iz kojih Vaš ljubimac konzumira hranu i vodu. Redovno kontrolišite zdravstveno stanje ljubimca kod veterinara.

Sirovinski sastav: meso i mesne prerađevine, žitarice, ekstrakt biljnih proteina, minerali, vitamini.","https://firebasestorage.googleapis.com/v0/b/web-shop-model.appspot.com/o/images%2F1741593178767-frendy-konzerva-govedina.png?alt=media&token=d4ea0b2c-6e60-4e9e-a22d-044ff3f2eafb"
"SHmpFSX82NlWbCxqMwkm","Frendy hrana za pse - konzerva sa piletinom 1230gr","Pet program","Hrana za kućne ljubimce","Gebi","1","false","","FRENDY konzerva je vlažna hrana za ishranu pasa svih rasa i uzrasnih kategorija. Hrana je napravljena od pažljivo biranih sastojaka vrhunskog kvaliteta i obezbeđuje psu kompletan obrok. Sadrži sve vitamine i minerale neophodne za pravilnu i izbalansiranu ishranu. Psi je vrlo rado konzumiraju. Zbog dobre svarljivosti, preporučuje se kod pasa sa slabijim apetitom, kao i onih koji su pod stresom različite prirode. Može se koristiti i kao dodatak suvoj hrani.
Pakovanje: 1230gr

Saveti za upotrebu
FRENDY hrana iz konzerve se koristi posebno ili u kombinaciji sa drugom hranom. Hrana je najukusnija na sobnoj temperaturu, 20 –25oC.
Ako pas do sada nije konzumirao FRENDY hranu iz konzerve, treba je dozirati postepeno, povećavajući količinu svakog dana. Period privikavanja na FRENDY hranu iz konzerve treba da traje najmanje 7 dana. U ovom periodu vašem ljubimcu treba davati hranu koju je prethodno jeo i FRENDY hranu iz konzerve, tako da se postepeno povećava učešće FRENDY hrane iz konzerve u obroku psa.
Nakona otvaranja FRENDY konzerve, čuvati je na hladnom i tamnom mestu najviše 3 dana! Održavajte higijenu posuda iz kojih Vaš ljubimac konzumira hranu i vodu. Redovno kontrolišite zdravstveno stanje ljubimca kod veterinara.


Sirovinski sastav: meso i mesne prerađevine, žitarice, ekstrakt biljnih proteina, minerali, vitamini.","https://firebasestorage.googleapis.com/v0/b/web-shop-model.appspot.com/o/images%2F1741593086074-frendy-konzerva-piletina.png?alt=media&token=dd39d925-3edc-4b17-b43a-f9f485068f0a"
"l72OuDqBUrryJu8R6CtH","Frendy hrana za pse - Meaty Strips 200gr","Pet program","Hrana za kućne ljubimce","Gebi","1","false","","Mesni štapići za pse.
Sa dodatkom kalcijuma i vitamina A, D i E. Nizak sadržaj masti.
Dostupno u pakovanju od 200 g.

Sirovinski sastav: žitarice, prerađevine životinjskog porekla, prerađevine biljnog porekla.","https://firebasestorage.googleapis.com/v0/b/web-shop-model.appspot.com/o/images%2F1741593386484-Frendy-meaty-strips.png?alt=media&token=e2fa4236-f847-4de7-9b29-a6c59cdb9ed1"
"8w6d39iKTrF6PtWw2wga","Frendy hrana za pse - Puppy menu ćuretina 10kg","Pet program","Hrana za kućne ljubimce","Gebi","1","false","","Frendy Puppy Menu je potpuna hrana za ishranu štenaca starosti do tri meseca i za ishranu malih rasa pasa.
Hrana je napravljena od pažljivo biranih sastojaka vrhunskog kvaliteta. Sadrži sve vitamine i minerale neophodne za pravilnu i uravnoteženu ishranu pasa.
Sadrži visok procenat proteina životinjskog porekla – najmanje 82%.
Obezbeđuje vašim ljubimcima pravilan rast, dobro zdravlje, jake kosti, zdrave zube, lepu i sjajnu dlaku. Za kompletnu i uravnoteženu ishranu štenadi.
Ukus: ćuretina.
Pakovanje: 10 kg

Saveti za upotrebu
FRENDY PUPPY je namenjen za ishranu štenadi do 3 meseca, i za ishranu manjih rasa pasa. Koristi se u suvom ili nakvašenom stanju posebno ili u kombinaciji sa drugom hranom. Ako se dozira u suvom stanju, vašim ljubimcima obezbedite uvek svežu vodu za piće. Ako do sada pas nije uzimao potpunu hranu u suvom stanju, hrana se dozira postepeno, uvek povećavajući dnevnu dozu. Period privikavanja na FRENDY PUPPY hranu za kućne ljubimce treba da traje najmanje 7 dana. U ovom periodu psu treba davati izmešanu hranu koju je prethodno jeo i FRENDY PUPPY, tako da se postepeno povećava učešće FRENDY PUPPY–a u obroku psa.

Sirovinski sastav: Zrnasta hraniva (žitarice – kukuruz, pirinač, pšenica), hraniva životinjskog porekla (dehidrirano meso ćuretine, živinska mast i jaja u prahu), mlinski proizvodi od žita (pšenično brašno i sitne pšenične mekinje), proizvodi industrije šećera (suvi rezanci od šećerne repe), ostali biljni proizvodi (prirodna vlakna – brašno od sušene lucerke), laneno seme, proizvodi industrije alkohola i vrenja (sušeni pivski kvasac), aroma, vitaminska hraniva (Vitamin A, Vitamin D3, Vitamin E, Vitamin K3, Vitamin B1, Vitamin B2, Vitamin B6, Vitamin B12, Vitamin C, Biotin, Niacin, Kalcijum Pantotenat, Holin Hlorid, Folna kiselina), mineralna hraniva (kalcijum-karbonat, natrijum-hlorid, Cink-glicinat, cink-sulfat, bakar-sulfat, bakar-glicinat, gvožđe-sulfat, mangan-sulfat, kalcijum-jodat, natrijum selenit, selenski kvasac), antioksidans (BHA, BHT) i konzervans (kalcijum-propionat, fumarna, sorbična i limunska kiselina), Yucca schidigera ekstrakt, manan-oligo-saharidi.","https://firebasestorage.googleapis.com/v0/b/web-shop-model.appspot.com/o/images%2F1741547489032-fpuppy.png?alt=media&token=859e3e85-8d61-4e37-955e-0d2772907da5"
"aNtY5I0CBHYIXlDT2Wb1","Frendy hrana za pse - Puppy menu ćuretina 1kg","Pet program","Hrana za kućne ljubimce","Gebi","1","false","","Frendy Puppy Menu je potpuna hrana za ishranu štenaca starosti do tri meseca i za ishranu malih rasa pasa.
Hrana je napravljena od pažljivo biranih sastojaka vrhunskog kvaliteta. Sadrži sve vitamine i minerale neophodne za pravilnu i uravnoteženu ishranu pasa.
Sadrži visok procenat proteina životinjskog porekla – najmanje 82%.
Obezbeđuje vašim ljubimcima pravilan rast, dobro zdravlje, jake kosti, zdrave zube, lepu i sjajnu dlaku. Za kompletnu i uravnoteženu ishranu štenadi.
Ukus: ćuretina.
Pakovanje: 1 kg

Saveti za upotrebu
FRENDY PUPPY je namenjen za ishranu štenadi do 3 meseca, i za ishranu manjih rasa pasa. Koristi se u suvom ili nakvašenom stanju posebno ili u kombinaciji sa drugom hranom. Ako se dozira u suvom stanju, vašim ljubimcima obezbedite uvek svežu vodu za piće. Ako do sada pas nije uzimao potpunu hranu u suvom stanju, hrana se dozira postepeno, uvek povećavajući dnevnu dozu. Period privikavanja na FRENDY PUPPY hranu za kućne ljubimce treba da traje najmanje 7 dana. U ovom periodu psu treba davati izmešanu hranu koju je prethodno jeo i FRENDY PUPPY, tako da se postepeno povećava učešće FRENDY PUPPY–a u obroku psa.

Sirovinski sastav: Zrnasta hraniva (žitarice – kukuruz, pirinač, pšenica), hraniva životinjskog porekla (dehidrirano meso ćuretine, živinska mast i jaja u prahu), mlinski proizvodi od žita (pšenično brašno i sitne pšenične mekinje), proizvodi industrije šećera (suvi rezanci od šećerne repe), ostali biljni proizvodi (prirodna vlakna – brašno od sušene lucerke), laneno seme, proizvodi industrije alkohola i vrenja (sušeni pivski kvasac), aroma, vitaminska hraniva (Vitamin A, Vitamin D3, Vitamin E, Vitamin K3, Vitamin B1, Vitamin B2, Vitamin B6, Vitamin B12, Vitamin C, Biotin, Niacin, Kalcijum Pantotenat, Holin Hlorid, Folna kiselina), mineralna hraniva (kalcijum-karbonat, natrijum-hlorid, Cink-glicinat, cink-sulfat, bakar-sulfat, bakar-glicinat, gvožđe-sulfat, mangan-sulfat, kalcijum-jodat, natrijum selenit, selenski kvasac), antioksidans (BHA, BHT) i konzervans (kalcijum-propionat, fumarna, sorbična i limunska kiselina), Yucca schidigera ekstrakt, manan-oligo-saharidi.","https://firebasestorage.googleapis.com/v0/b/web-shop-model.appspot.com/o/images%2F1741547378226-fpuppy.png?alt=media&token=7a1e99cf-5242-461b-b830-5cad9c830fb3"
"0BUzCa0dz4njiH473vVB","Frendy hrana za pse - Puppy menu ćuretina 3kg","Pet program","Hrana za kućne ljubimce","Gebi","1","false","","Frendy Puppy Menu je potpuna hrana za ishranu štenaca starosti do tri meseca i za ishranu malih rasa pasa.
Hrana je napravljena od pažljivo biranih sastojaka vrhunskog kvaliteta. Sadrži sve vitamine i minerale neophodne za pravilnu i uravnoteženu ishranu pasa.
Sadrži visok procenat proteina životinjskog porekla – najmanje 82%.
Obezbeđuje vašim ljubimcima pravilan rast, dobro zdravlje, jake kosti, zdrave zube, lepu i sjajnu dlaku. Za kompletnu i uravnoteženu ishranu štenadi.
Ukus: ćuretina.
Pakovanje: 3 kg

Saveti za upotrebu
FRENDY PUPPY je namenjen za ishranu štenadi do 3 meseca, i za ishranu manjih rasa pasa. Koristi se u suvom ili nakvašenom stanju posebno ili u kombinaciji sa drugom hranom. Ako se dozira u suvom stanju, vašim ljubimcima obezbedite uvek svežu vodu za piće. Ako do sada pas nije uzimao potpunu hranu u suvom stanju, hrana se dozira postepeno, uvek povećavajući dnevnu dozu. Period privikavanja na FRENDY PUPPY hranu za kućne ljubimce treba da traje najmanje 7 dana. U ovom periodu psu treba davati izmešanu hranu koju je prethodno jeo i FRENDY PUPPY, tako da se postepeno povećava učešće FRENDY PUPPY–a u obroku psa.

Sirovinski sastav: Zrnasta hraniva (žitarice – kukuruz, pirinač, pšenica), hraniva životinjskog porekla (dehidrirano meso ćuretine, živinska mast i jaja u prahu), mlinski proizvodi od žita (pšenično brašno i sitne pšenične mekinje), proizvodi industrije šećera (suvi rezanci od šećerne repe), ostali biljni proizvodi (prirodna vlakna – brašno od sušene lucerke), laneno seme, proizvodi industrije alkohola i vrenja (sušeni pivski kvasac), aroma, vitaminska hraniva (Vitamin A, Vitamin D3, Vitamin E, Vitamin K3, Vitamin B1, Vitamin B2, Vitamin B6, Vitamin B12, Vitamin C, Biotin, Niacin, Kalcijum Pantotenat, Holin Hlorid, Folna kiselina), mineralna hraniva (kalcijum-karbonat, natrijum-hlorid, Cink-glicinat, cink-sulfat, bakar-sulfat, bakar-glicinat, gvožđe-sulfat, mangan-sulfat, kalcijum-jodat, natrijum selenit, selenski kvasac), antioksidans (BHA, BHT) i konzervans (kalcijum-propionat, fumarna, sorbična i limunska kiselina), Yucca schidigera ekstrakt, manan-oligo-saharidi.","https://firebasestorage.googleapis.com/v0/b/web-shop-model.appspot.com/o/images%2F1741547437521-fpuppy.png?alt=media&token=ccf61f7f-a71b-4c18-ba84-6c5ba152bc28"
"RvMXRPenm5gwOTjKeYPc","Frendy hrana za pse - salama sa govedinom 1kg","Pet program","Hrana za kućne ljubimce","Gebi","1","false","","FRENDY salama je poluvlažna hrana za ishranu pasa svih rasa i uzrasnih kategorija.
FRENDY salama obezbeđuje Vašim ljubimcima potpunu i uravnoteženu ishranu.
Hrana je napravljena od pažljivo  biranih sastojaka vrhunskog kvaliteta.
Sadrži sve vitamine i minerale neophodne za pravilnu i izbalansiranu ishranu. Psi je vrlo rado konzumiraju. Zbog dobre svarljivosti, preporučuje se kod pasa sa  slabijim apetitom, kao i onih koji su pod stresom različite prirode. Može se koristiti i kao dodatak suvoj hrani.
Pakovanje: 1kg

FRENDY salama se koristi u suvom stanju, posebno ili u kombinaciji sa drugom hranom. Ako Vaš ljubimac do sad nije konzumirao FRENDY salamu, treba je dozirati postepeno, povećavajući količinu svakog dana. Period privikavanja na FRENDY salamu treba da traje najmanje 7 dana. U ovom periodu Vašem ljubimcu treba davati hranu koju je prethodno jeo i FRENDY salamu, tako da se postepeno povećava učešće FRENDY salame u obroku psa. Nakona otvaranja FRENDY salame, čuvati je na hladnom i tamnom mestu najviše 3 dana! Održavajte higijenu posuda iz kojih Vaš ljubimac konzumira hranu i vodu. Redovno kontrolisati zdravstveno stanje Vašeg ljubimca kod veterinara.


Sirovinski sastav: prerađevine životinjskog porekla – meso govedine, žitarice – pšenica, voda, začini, mineralna hraniva, aroma, antioksidant i konzervans.","https://firebasestorage.googleapis.com/v0/b/web-shop-model.appspot.com/o/images%2F1741592636859-Frendy-salama-za-pse-sa-govedinom.png?alt=media&token=2b0ecf4c-6a8a-40af-9947-8730d903796f"
"rJ3ZoAiyFe3MLF4lugF9","Frendy hrana za pse - salama sa piletinom 1kg","Pet program","Hrana za kućne ljubimce","Gebi","1","false","","FRENDY salama je poluvlažna hrana za ishranu pasa svih rasa i uzrasnih kategorija.
Oezbeđuje vašim ljubimcima potpunu i uravnoteženu ishranu.
Hrana je napravljena od pažljivo biranih sastojaka vrhunskog kvaliteta. Sadrži sve vitamine i minerale neophodne za pravilnu i uravnoteženu ishranu pasa. Psi je vrlo rado konzumiraju.
Zbog dobre svarljivosti, preporučuje se kod pasa sa slabijim apetitom, kao i onih koji su pod stresom različite prirode.
Može se koristiti i kao dodatak suvoj hrani.
Pakovanje: 1 kg

Saveti za upotrebu
FRENDY salama se koristi u suvom stanju, posebno ili u kombinaciji sa drugom hranom. Ako pas do sad nije konzumirao FRENDY salamu, treba je dozirati postepeno, povećavajući količinu svakog dana. Period privikavanja na FRENDY salamu treba da traje najmanje 7 dana. U ovom periodu Vašem ljubimcu treba davati hranu koju je prethodno jeo i FRENDY salamu, tako da se postepeno povećava učešće FRENDY salame u obroku psa.

Nakona otvaranja FRENDY salame, čuvati je na hladnom i tamnom mestu najviše 3 dana!

Održavajte higijenu posuda iz kojih vaš ljubimac konzumira hranu i vodu. Redovno kontrolišite zdravstveno stanje ljubimca kod veterinara.


Sirovinski sastav: prerađevine životinjskog porekla – meso piletine, žitarice – pšenica, voda, začini, mineralna hraniva, aroma, antioksidant i konzervans.","https://firebasestorage.googleapis.com/v0/b/web-shop-model.appspot.com/o/images%2F1741592473587-fpiletina.png?alt=media&token=4687ba42-04b9-4dfd-a307-01821bbb4d27"
"QN6WrQglDeWIkhZKSvKc","Frendy hrana za pse - Sensitive fish menu morska riba i pirinač 10kg","Pet program","Hrana za kućne ljubimce","Gebi","1","false","","Frendy Sensitive Fish Menu je potpuna hrana za ishranu svih rasa pasa koji imaju izraženu preosetljivost digestivnog trakta na hranu ispoljenu promenama i poremećajima u varenju i na koži.
Hrana je napravljena od  pažljivo biranih sastojaka vrhunskog kvaliteta. Sadrži sve vitamine i minerale neophodne za pravilnu i uravnoteženu ishranu pasa.
Sadrži visok procenat proteina životinjskog porekla – najmanje 48%.
Obezbeđuje vašim ljubimcima dobro zdravlje, jake kosti, zdrave zube, lepu i sjajnu dlaku.
Ukus: morska riba i pirinač.
Pakovanje: 10 kg

Saveti za upotrebu
FRENDY SENSITIVE FISH je namenjen za ishranu svih rasa pasa koji imaju izraženu preosetljivost digestivnog trakta na hranu ispoljenu promenama i poremećajima u varenju i na koži. Koristi se u suvom ili nakvašenom stanju posebno ili u kombinaciji sa drugom hranom. Ako se dozira u suvom stanju, vašim ljubimcima obezbedite uvek svežu vodu za piće. Ako do sada pas nije uzimao potpunu hranu u suvom stanju, hrana se dozira postepeno, uvek povećavajući dnevnu dozu. Period privikavanja na FRENDY SENSITIVE FISH hranu za kućne ljubimce treba da traje najmanje 7 dana. U ovom periodu psu treba davati izmešanu hranu koju je prethodno jeo i FRENDY SENSITIVE FISH, tako da se postepeno povećava učešće FRENDY SENSITIVE FISH–a u obroku psa.

Sirovinski sastav: Zrnasta hraniva (žitarice – kukuruz, pirinač, pšenica), hraniva životinjskog porekla (dehidrirano meso morske ribe, živinska mast i jaja u prahu), mlinski proizvodi od žita (pšenično brašno i sitne pšenične mekinje), proizvodi industrije skroba (kukuruzni gluten prvog kvaliteta), proizvodi industrije ulja (koncentrat proteina soje), ostali biljni proizvodi (prirodna vlakna – brašno od sušene lucerke), laneno seme, proizvodi industrije alkohola i vrenja (sušeni pivski kvasac), aroma, vitaminska hraniva (Vitamin A, Vitamin D3, Vitamin E,Vitamin K3, Vitamin B1, Vitamin B2, Vitamin B6, Vitamin B12, Vitamin C, Biotin, Niacin, Kalcijum Pantotenat, Holin Hlorid, Folna kiselina), mineralna hraniva (kalcijum-karbonat, monokalcijum-fosfat, natrijum-hlorid, Cink-glicinat, cink-sulfat, bakar-sulfat, bakar-glicinat, gvožđe-sulfat, mangan-sulfat, kalcijum-jodat, natrijum selenit, selenski kvasac), antioksidans (BHA, BHT) i konzervans (kalcijum-propionat, fumarna, sorbična i limunska kiselina), Yucca schidigera ekstrakt, manan-oligo-saharidi.","https://firebasestorage.googleapis.com/v0/b/web-shop-model.appspot.com/o/images%2F1741548252134-fsensitive-meni.png?alt=media&token=22f9c849-b20b-4e7d-b532-83e140380dbc"
"ENOMkLvZkU7ahrbMQfAA","Frendy hrana za pse - Sensitive fish menu morska riba i pirinač 20kg","Pet program","Hrana za kućne ljubimce","Gebi","1","false","","Frendy Sensitive Fish Menu je potpuna hrana za ishranu svih rasa pasa koji imaju izraženu preosetljivost digestivnog trakta na hranu ispoljenu promenama i poremećajima u varenju i na koži.
Hrana je napravljena od  pažljivo biranih sastojaka vrhunskog kvaliteta. Sadrži sve vitamine i minerale neophodne za pravilnu i uravnoteženu ishranu pasa.
Sadrži visok procenat proteina životinjskog porekla – najmanje 48%.
Obezbeđuje vašim ljubimcima dobro zdravlje, jake kosti, zdrave zube, lepu i sjajnu dlaku.
Ukus: morska riba i pirinač.
Pakovanje: 20 kg

Saveti za upotrebu
FRENDY SENSITIVE FISH je namenjen za ishranu svih rasa pasa koji imaju izraženu preosetljivost digestivnog trakta na hranu ispoljenu promenama i poremećajima u varenju i na koži. Koristi se u suvom ili nakvašenom stanju posebno ili u kombinaciji sa drugom hranom. Ako se dozira u suvom stanju, vašim ljubimcima obezbedite uvek svežu vodu za piće. Ako do sada pas nije uzimao potpunu hranu u suvom stanju, hrana se dozira postepeno, uvek povećavajući dnevnu dozu. Period privikavanja na FRENDY SENSITIVE FISH hranu za kućne ljubimce treba da traje najmanje 7 dana. U ovom periodu psu treba davati izmešanu hranu koju je prethodno jeo i FRENDY SENSITIVE FISH, tako da se postepeno povećava učešće FRENDY SENSITIVE FISH–a u obroku psa.

Sirovinski sastav: Zrnasta hraniva (žitarice – kukuruz, pirinač, pšenica), hraniva životinjskog porekla (dehidrirano meso morske ribe, živinska mast i jaja u prahu), mlinski proizvodi od žita (pšenično brašno i sitne pšenične mekinje), proizvodi industrije skroba (kukuruzni gluten prvog kvaliteta), proizvodi industrije ulja (koncentrat proteina soje), ostali biljni proizvodi (prirodna vlakna – brašno od sušene lucerke), laneno seme, proizvodi industrije alkohola i vrenja (sušeni pivski kvasac), aroma, vitaminska hraniva (Vitamin A, Vitamin D3, Vitamin E,Vitamin K3, Vitamin B1, Vitamin B2, Vitamin B6, Vitamin B12, Vitamin C, Biotin, Niacin, Kalcijum Pantotenat, Holin Hlorid, Folna kiselina), mineralna hraniva (kalcijum-karbonat, monokalcijum-fosfat, natrijum-hlorid, Cink-glicinat, cink-sulfat, bakar-sulfat, bakar-glicinat, gvožđe-sulfat, mangan-sulfat, kalcijum-jodat, natrijum selenit, selenski kvasac), antioksidans (BHA, BHT) i konzervans (kalcijum-propionat, fumarna, sorbična i limunska kiselina), Yucca schidigera ekstrakt, manan-oligo-saharidi.","https://firebasestorage.googleapis.com/v0/b/web-shop-model.appspot.com/o/images%2F1741548315014-fsensitive-meni.png?alt=media&token=37d42ce9-79e4-42cb-a1d6-6903a9837e7d"
"Iff4z05FAu4rgNwL6d0q","Frendy hrana za pse - Sensitive fish menu morska riba i pirinač 3kg","Pet program","Hrana za kućne ljubimce","Gebi","1","false","","Frendy Sensitive Fish Menu je potpuna hrana za ishranu svih rasa pasa koji imaju izraženu preosetljivost digestivnog trakta na hranu ispoljenu promenama i poremećajima u varenju i na koži.
Hrana je napravljena od  pažljivo biranih sastojaka vrhunskog kvaliteta. Sadrži sve vitamine i minerale neophodne za pravilnu i uravnoteženu ishranu pasa.
Sadrži visok procenat proteina životinjskog porekla – najmanje 48%.
Obezbeđuje vašim ljubimcima dobro zdravlje, jake kosti, zdrave zube, lepu i sjajnu dlaku.
Ukus: morska riba i pirinač.
Pakovanje: 3kg

Saveti za upotrebu
FRENDY SENSITIVE FISH je namenjen za ishranu svih rasa pasa koji imaju izraženu preosetljivost digestivnog trakta na hranu ispoljenu promenama i poremećajima u varenju i na koži. Koristi se u suvom ili nakvašenom stanju posebno ili u kombinaciji sa drugom hranom. Ako se dozira u suvom stanju, vašim ljubimcima obezbedite uvek svežu vodu za piće. Ako do sada pas nije uzimao potpunu hranu u suvom stanju, hrana se dozira postepeno, uvek povećavajući dnevnu dozu. Period privikavanja na FRENDY SENSITIVE FISH hranu za kućne ljubimce treba da traje najmanje 7 dana. U ovom periodu psu treba davati izmešanu hranu koju je prethodno jeo i FRENDY SENSITIVE FISH, tako da se postepeno povećava učešće FRENDY SENSITIVE FISH–a u obroku psa.

Sirovinski sastav: Zrnasta hraniva (žitarice – kukuruz, pirinač, pšenica), hraniva životinjskog porekla (dehidrirano meso morske ribe, živinska mast i jaja u prahu), mlinski proizvodi od žita (pšenično brašno i sitne pšenične mekinje), proizvodi industrije skroba (kukuruzni gluten prvog kvaliteta), proizvodi industrije ulja (koncentrat proteina soje), ostali biljni proizvodi (prirodna vlakna – brašno od sušene lucerke), laneno seme, proizvodi industrije alkohola i vrenja (sušeni pivski kvasac), aroma, vitaminska hraniva (Vitamin A, Vitamin D3, Vitamin E,Vitamin K3, Vitamin B1, Vitamin B2, Vitamin B6, Vitamin B12, Vitamin C, Biotin, Niacin, Kalcijum Pantotenat, Holin Hlorid, Folna kiselina), mineralna hraniva (kalcijum-karbonat, monokalcijum-fosfat, natrijum-hlorid, Cink-glicinat, cink-sulfat, bakar-sulfat, bakar-glicinat, gvožđe-sulfat, mangan-sulfat, kalcijum-jodat, natrijum selenit, selenski kvasac), antioksidans (BHA, BHT) i konzervans (kalcijum-propionat, fumarna, sorbična i limunska kiselina), Yucca schidigera ekstrakt, manan-oligo-saharidi.","https://firebasestorage.googleapis.com/v0/b/web-shop-model.appspot.com/o/images%2F1741548192029-fsensitive-meni.png?alt=media&token=b18e878e-0a67-41e4-8355-21c46828468e"
"nC02P05tnJZmUkb2lmpE","Frendy hrana za pse - Super sport menu ćuretina 10kg","Pet program","Hrana za kućne ljubimce","Gebi","1","false","","Frendy Super Sport Menu je potpuna hrana za ishranu pasa svih rasa izloženih većim fizičkim aktivnostima.
Hrana je napravljena od pažljivo biranih sastojaka vrhunskog kvaliteta. Sadrži sve vitamine i minerale neophodne za pravilnu i uravnoteženu ishranu pasa.
Sadrži visok procenat proteina životinjskog porekla – najmanje 73%.
Obezbeđuje vašim ljubimcima dobro zdravlje, jake kosti, zdrave zube, lepu i sjajnu dlaku.
Ukus: ćuretina.
Pakovanje: 10 kg

Saveti za upotrebu
FRENDY SUPER SPORT je namenjen za ishranu svih rasa pasa koji su izloženi većim fizičkim aktivnostima. Koristi se u suvom ili nakvašenom stanju posebno ili u kombinaciji sa drugom hranom. Ako se dozira u suvom stanju, vašim ljubimcima obezbedite uvek svežu vodu za piće. Ako do sada pas nije uzimao potpunu hranu u suvom stanju, hrana se dozira postepeno, uvek povećavajući dnevnu dozu. Period privikavanja na FRENDY SUPER SPORT hranu za kućne ljubimce treba da traje najmanje 7 dana. U ovom periodu psu treba davati izmešanu hranu koju je prethodno jeo i FRENDY SUPER SPORT, tako da se postepeno povećava učešće FRENDY SUPER SPORT–a u obroku psa.

Sirovinski sastav: Zrnasta hraniva (žitarice – kukuruz, pirinač, pšenica), hraniva životinjskog porekla (dehidrirano meso ćuretine, živinska mast i jaja u prahu), mlinski proizvodi od žita (pšenično brašno i sitne pšenične mekinje), proizvodi industrije skroba (kukuruzni gluten prvog kvaliteta), proizvodi industrije ulja (koncentrat proteina soje), proizvodi industrije šećera (suvi rezanci od šećerne repe), laneno seme, proizvodi industrije alkohola i vrenja (sušeni pivski kvasac), aroma, vitaminska hraniva (Vitamin A, Vitamin D3, Vitamin E, Vitamin K3, Vitamin B1, Vitamin B2, Vitamin B6, Vitamin B12, Vitamin C, Biotin, Niacin, Kalcijum Pantotenat, Holin Hlorid, Folna kiselina), mineralna hraniva (natrijum-hlorid, Cink-glicinat, cink-sulfat, bakar-sulfat, bakar-glicinat, gvožđe-sulfat, mangan-sulfat, kalcijum-jodat, natrijum selenit, selenski kvasac),  antioksidans (BHA, BHT) i konzervans (kalcijum-propionat, fumarna, sorbična i limunska kiselina), Yucca schidigera ekstrakt, manan-oligo-saharidi.","https://firebasestorage.googleapis.com/v0/b/web-shop-model.appspot.com/o/images%2F1741547767184-fsupersport.png?alt=media&token=2a628764-3039-45d8-9356-761fca99c107"
"R2GSZieIiRc00mXudebv","Frendy hrana za pse - Super sport menu ćuretina 20kg","Pet program","Hrana za kućne ljubimce","Gebi","1","false","","Frendy Super Sport Menu je potpuna hrana za ishranu pasa svih rasa izloženih većim fizičkim aktivnostima.
Hrana je napravljena od pažljivo biranih sastojaka vrhunskog kvaliteta. Sadrži sve vitamine i minerale neophodne za pravilnu i uravnoteženu ishranu pasa.
Sadrži visok procenat proteina životinjskog porekla – najmanje 73%.
Obezbeđuje vašim ljubimcima dobro zdravlje, jake kosti, zdrave zube, lepu i sjajnu dlaku.
Ukus: ćuretina.
Pakovanje: 20 kg

Saveti za upotrebu
FRENDY SUPER SPORT je namenjen za ishranu svih rasa pasa koji su izloženi većim fizičkim aktivnostima. Koristi se u suvom ili nakvašenom stanju posebno ili u kombinaciji sa drugom hranom. Ako se dozira u suvom stanju, vašim ljubimcima obezbedite uvek svežu vodu za piće. Ako do sada pas nije uzimao potpunu hranu u suvom stanju, hrana se dozira postepeno, uvek povećavajući dnevnu dozu. Period privikavanja na FRENDY SUPER SPORT hranu za kućne ljubimce treba da traje najmanje 7 dana. U ovom periodu psu treba davati izmešanu hranu koju je prethodno jeo i FRENDY SUPER SPORT, tako da se postepeno povećava učešće FRENDY SUPER SPORT–a u obroku psa.

Sirovinski sastav: Zrnasta hraniva (žitarice – kukuruz, pirinač, pšenica), hraniva životinjskog porekla (dehidrirano meso ćuretine, živinska mast i jaja u prahu), mlinski proizvodi od žita (pšenično brašno i sitne pšenične mekinje), proizvodi industrije skroba (kukuruzni gluten prvog kvaliteta), proizvodi industrije ulja (koncentrat proteina soje), proizvodi industrije šećera (suvi rezanci od šećerne repe), laneno seme, proizvodi industrije alkohola i vrenja (sušeni pivski kvasac), aroma, vitaminska hraniva (Vitamin A, Vitamin D3, Vitamin E, Vitamin K3, Vitamin B1, Vitamin B2, Vitamin B6, Vitamin B12, Vitamin C, Biotin, Niacin, Kalcijum Pantotenat, Holin Hlorid, Folna kiselina), mineralna hraniva (natrijum-hlorid, Cink-glicinat, cink-sulfat, bakar-sulfat, bakar-glicinat, gvožđe-sulfat, mangan-sulfat, kalcijum-jodat, natrijum selenit, selenski kvasac),  antioksidans (BHA, BHT) i konzervans (kalcijum-propionat, fumarna, sorbična i limunska kiselina), Yucca schidigera ekstrakt, manan-oligo-saharidi.","https://firebasestorage.googleapis.com/v0/b/web-shop-model.appspot.com/o/images%2F1741547822135-fsupersport.png?alt=media&token=0972c450-ef0a-49b9-9cf8-7a0323d15d70"
"7IDQYVZr4uHNa01lauG2","Frendy hrana za pse - Super sport menu ćuretina 3kg","Pet program","Hrana za kućne ljubimce","Gebi","1","false","","Frendy Super Sport Menu je potpuna hrana za ishranu pasa svih rasa izloženih većim fizičkim aktivnostima.
Hrana je napravljena od pažljivo biranih sastojaka vrhunskog kvaliteta. Sadrži sve vitamine i minerale neophodne za pravilnu i uravnoteženu ishranu pasa.
Sadrži visok procenat proteina životinjskog porekla – najmanje 73%.
Obezbeđuje vašim ljubimcima dobro zdravlje, jake kosti, zdrave zube, lepu i sjajnu dlaku.
Ukus: ćuretina.
Pakovanje: 3kg

Saveti za upotrebu
FRENDY SUPER SPORT je namenjen za ishranu svih rasa pasa koji su izloženi većim fizičkim aktivnostima. Koristi se u suvom ili nakvašenom stanju posebno ili u kombinaciji sa drugom hranom. Ako se dozira u suvom stanju, vašim ljubimcima obezbedite uvek svežu vodu za piće. Ako do sada pas nije uzimao potpunu hranu u suvom stanju, hrana se dozira postepeno, uvek povećavajući dnevnu dozu. Period privikavanja na FRENDY SUPER SPORT hranu za kućne ljubimce treba da traje najmanje 7 dana. U ovom periodu psu treba davati izmešanu hranu koju je prethodno jeo i FRENDY SUPER SPORT, tako da se postepeno povećava učešće FRENDY SUPER SPORT–a u obroku psa.

Sirovinski sastav: Zrnasta hraniva (žitarice – kukuruz, pirinač, pšenica), hraniva životinjskog porekla (dehidrirano meso ćuretine, živinska mast i jaja u prahu), mlinski proizvodi od žita (pšenično brašno i sitne pšenične mekinje), proizvodi industrije skroba (kukuruzni gluten prvog kvaliteta), proizvodi industrije ulja (koncentrat proteina soje), proizvodi industrije šećera (suvi rezanci od šećerne repe), laneno seme, proizvodi industrije alkohola i vrenja (sušeni pivski kvasac), aroma, vitaminska hraniva (Vitamin A, Vitamin D3, Vitamin E, Vitamin K3, Vitamin B1, Vitamin B2, Vitamin B6, Vitamin B12, Vitamin C, Biotin, Niacin, Kalcijum Pantotenat, Holin Hlorid, Folna kiselina), mineralna hraniva (natrijum-hlorid, Cink-glicinat, cink-sulfat, bakar-sulfat, bakar-glicinat, gvožđe-sulfat, mangan-sulfat, kalcijum-jodat, natrijum selenit, selenski kvasac),  antioksidans (BHA, BHT) i konzervans (kalcijum-propionat, fumarna, sorbična i limunska kiselina), Yucca schidigera ekstrakt, manan-oligo-saharidi.","https://firebasestorage.googleapis.com/v0/b/web-shop-model.appspot.com/o/images%2F1741547702329-fsupersport.png?alt=media&token=898014eb-3ef3-4901-a2d2-5cc34ddbab42"
"AWQsxISeJ23p23Z9NbUm","Frendy hrana za pse - UNI DOG 20kg","Pet program","Hrana za kućne ljubimce","Gebi","1","false","","UNI DOG je potpuna hrana za ishranu odraslih pasa svih rasa, umerenog nivoa fizičke aktivnosti. Ova hrana obezbeđuje vašim ljubimcima potpunu i uravnoteženu ishranu. Hrana je napravljena od  pažljivo biranih sastojaka vrhunskog kvaliteta. Sadrži sve vitamine i minerale neophodne za pravilnu i izbalansiranu ishranu.
Pakovanje: 20 kg

Saveti za upotrebu
UNI DOG hrana se koristi u suvom ili u nakvašenom stanju, posebno ili u kombinaciji sa drugom hranom. Ako se dozira u suvom stanju vašem ljubimcu obezbedite uvek svežu vodu za piće. Akopas do sad nije konzumirao UNI DOG potpunu hranu, treba je dozirati postepeno, povećavajući količinu svakog dana. Period privikavanja na UNI DOG potpunu hranu treba da traje najmanje 7 dana. U ovom  periodu ljubimcu treba davati hranu koju je prethodno jeo i UNI DOG, tako da se postepeno povećava učešće UNI DOG-a u obroku psa. Održavajte higijenu posuda iz kojih vaš ljubimac konzumira hranu i vodu. Redovno kontrolišite zdravstveno stanje ljubimca kod veterinara.

Doziranje hrane
2kg » 80g
5kg » 130g
10kg » 210g
15kg » 290g
20kg »360g
25kg »430g
35kg »540g
50kg » 760g
Navedene dnevne količine su orjentacione. Dnevnu količinu hrane treba prilagoditi psu u zavisnosti od godišnjeg doba i nivoa fizičke aktivnosti.

Analitički parametri
Proteini min. 15%
Masti min. 5%
Celuloza max. 5%
Kalcijum 2,0 – 2,8%
Fosfor 1,0 – 1,8%

Vitamini u 1kg:
Vitamin A 6.000 IJ
Vitamin D3 600 IJ
Vitamin E 80 mg","https://firebasestorage.googleapis.com/v0/b/web-shop-model.appspot.com/o/images%2F1741592255160-uni-dog.png?alt=media&token=648f31d9-d5c2-4468-94c6-7c18df0e108e"
"J3fh2KdpMuuZdso38DFB","Frendy hrana za pse - UNI DOG 5kg","Pet program","Hrana za kućne ljubimce","Gebi","1","false","","UNI DOG je potpuna hrana za ishranu odraslih pasa svih rasa, umerenog nivoa fizičke aktivnosti. Ova hrana obezbeđuje vašim ljubimcima potpunu i uravnoteženu ishranu. Hrana je napravljena od  pažljivo biranih sastojaka vrhunskog kvaliteta. Sadrži sve vitamine i minerale neophodne za pravilnu i izbalansiranu ishranu.
Pakovanje: 5kg

Saveti za upotrebu
UNI DOG hrana se koristi u suvom ili u nakvašenom stanju, posebno ili u kombinaciji sa drugom hranom. Ako se dozira u suvom stanju vašem ljubimcu obezbedite uvek svežu vodu za piće. Akopas do sad nije konzumirao UNI DOG potpunu hranu, treba je dozirati postepeno, povećavajući količinu svakog dana. Period privikavanja na UNI DOG potpunu hranu treba da traje najmanje 7 dana. U ovom  periodu ljubimcu treba davati hranu koju je prethodno jeo i UNI DOG, tako da se postepeno povećava učešće UNI DOG-a u obroku psa. Održavajte higijenu posuda iz kojih vaš ljubimac konzumira hranu i vodu. Redovno kontrolišite zdravstveno stanje ljubimca kod veterinara.

Doziranje hrane
2kg » 80g
5kg » 130g
10kg » 210g
15kg » 290g
20kg »360g
25kg »430g
35kg »540g
50kg » 760g
Navedene dnevne količine su orjentacione. Dnevnu količinu hrane treba prilagoditi psu u zavisnosti od godišnjeg doba i nivoa fizičke aktivnosti.

Analitički parametri
Proteini min. 15%
Masti min. 5%
Celuloza max. 5%
Kalcijum 2,0 – 2,8%
Fosfor 1,0 – 1,8%

Vitamini u 1kg:
Vitamin A 6.000 IJ
Vitamin D3 600 IJ
Vitamin E 80 mg","https://firebasestorage.googleapis.com/v0/b/web-shop-model.appspot.com/o/images%2F1741592188721-uni-dog.png?alt=media&token=937d2573-4dac-4582-8f60-552fd8063f64"
"cZE9UsuurhIrRkQfdaX8","Galbenon","Zaštita bilja","Herbicidi","Galenika Fitofarmacija","1","false","","Opis
Selektivni herbicid za suzbijanje širokolisnih korova u ratarstvu i povrtarstvu
Proizvođač
GALENIKA-FITOFARMACIJA a.d.
Aktivne Materije
Bentazon u obliku Na-soli
Formulacija
koncentrovani rastvor - SL
Delovanje
Galbenon je kontaktni folijarni herbicid koji deluje isključivo na iznikle korove. Usvaja se brzo nakon aplikacije i remeti proces fotosinteze, izazivajući naglu pojavu simptoma hloroze. Nakon nekoliko dana dovodi do potpunog propadanja i sušenja korova.
Karenca
63 dana - strna žita, kukuruz, soja, lan, lucerka
42 dana - grašak, pasulj, krompir
30 dana - boranija, stočni grašak (BBCH 13-15)
21 dan - stočni grašak (BBCH 15-39)
Koncentracija
1,5-4 l/ha
Primena
strna žita, kukuruz, soja, krompir, grašak, stočni grašak, lucerka, lan, pasulj, boranija
Pakovanje
1 l, 10 l","https://firebasestorage.googleapis.com/v0/b/web-shop-model.appspot.com/o/images%2F1762509534762-GALBENON.webp?alt=media&token=294b3d05-cc41-4503-8102-f699e2acb0e4"
"tgqD8K6UOdVwnZ3UXJDM","Galileo","Zaštita bilja","Fungicidi","Galenika Fitofarmacija","1","false","","Opis
Folijarni fungicid sa protektivnim i delimično kurativnim delovanjem za suzbijanje prouzrokovača bolesti u voćarstvu.
Proizvođač
GALENIKA-FITOFARMACIJA a.d.
Aktivne Materije
Ditianon
Formulacija
vododisperzibilne granule - WG
Delovanje
Ditianon je kontaktni i preventivni fungicid iz grupe kvinina. Fungicid namenjen za suzbijanje mnogobrojnih gljivičnih prouzrokovača biljnih bolesti u voćarskim zasadima. Odlično prijanja i vezuje se za površinu biljnog tkiva, pa je spiranje minimalno. Sa svakom novom kišom se ponovo aktivira i delimično redistribuira na novi prirast. Način delovanja ditianona je u višestrukoj inhibiciji formiranja proteina. Ova inhibicija proteina kod gljiva sprečava klijanje i formiranje klicine cevi. U zasadima jabuka u periodu primarnih infekcija čađave pegavosti lista koristi se u intervalima od 7 dana ili pre padavina.
Karenca
35 dana - jabuka, višnja, kajsija
42 dana - kruška
obezbeđena vremenom primene - breskva
Koncentracija
0,075%
0.5-0.75 kg/ha
Primena
jabuka, breskva, kruška, višnja, kajsija
Pakovanje
20 g, 500 g, 1 kg, 5 kg","https://firebasestorage.googleapis.com/v0/b/web-shop-model.appspot.com/o/images%2F1762515689995-galileo1.jpg?alt=media&token=9010fc2c-09ae-4e3d-8d1d-504ed3ebb9b3"
"SkarGsxmQUePts3E4OQG","Galition ultra","Zaštita bilja","Insekticidi","Galenika Fitofarmacija","1","false","","Opis
Nesistemični insekticid sa kontaktnim i inhalacionim delovanjem koji se koristi za suzbijanje larvi žičnjaka
Proizvođač
GALENIKA-FITOFARMACIJA a.d.
Aktivne Materije
Teflutrin
Formulacija
granule - GR
Delovanje
Teflutrin je insekticid sa kontaktnim, digestivnim i inhalacionum delovanjem koji priparada grupi piretroida (IRAC: 3A). Mehanizam delovanja se ogleda u remećenju protoka Na+ jona kroz jonske kanale na nervnoj membrani pri čemu oni ostaju duže otvoreni, što ima za posledicu blokadu provodljivosti nervnih vlakana. Kod insekata izaziva ataksiju (drhtanje, nepravilno kretanje) odnosno odsustvo koordinacije. Jedino jedinjenje iz grupe piretroida koje efikasno suzbija štetne insekte u zemljištu. Rastvoriljivost u vodi je jako mala što znači da nema ispiranja u dublje slojeve. Pored postojanog i dugotrajnog delovanja, izuzetno je selektivan za sve useve.
Karenca
Obezbeđena vremenom primene - paradajz, plavi patlidžan, krompir
Koncentracija
12-15 kg/ha
Primena
paradajz, plavi patlidžan, krompir
Pakovanje
1 kg","https://firebasestorage.googleapis.com/v0/b/web-shop-model.appspot.com/o/images%2F1761990551689-galition%20ultra.jpg?alt=media&token=90e2f553-8371-421b-acc0-ec617a874bfb"
"MkG8wAtOnztfG6UQnUm3","Galmin","Zaštita bilja","Insekticidi","Galenika Fitofarmacija","1","false","","Opis
Preparat insekticidnog i akaricidnog dejstva za zimsko i letnje tretiranja voćaka i vinove loze
Proizvođač
GALENIKA-FITOFARMACIJA a.d.
Aktivne Materije
Mineralno (parafinsko) ulje
Formulacija
koncentrat za emulziju - EC
Delovanje
Primenjeno u vreme kretanja vegetacije mineralno ulje fizički onemogućava respiraciju svih stadijuma insekata i grinja. U koncentracijama preporučenim za primenu u sezoni (letnje tretiranje) ovaj preparat obezbeđuje bolju pokrovnost i prijanjanje sredstava za zaštitu bilja, i na taj način poboljšava performanse pesticidnih tretmana.
Karenca
21 dan - vinova loza, voćnjaci, citrusi (letnje tretiranje)
obezbeđen vremenom primene - vinova loza, voćnjaci, citrusi (zimsko tretiranje)
Koncentracija
1-5%
20 l/ha
Primena
jabuka, kruška, šljiva, breskva, vinova loza, maslina, smokva, agrumi, kajsija, leska, ribizla, borovnica
Pakovanje
1 l, 5 l, 10 l, 200 l","https://firebasestorage.googleapis.com/v0/b/web-shop-model.appspot.com/o/images%2F1761990987659-galmin.jpg?alt=media&token=07c2708c-5082-428a-8a3e-6eb654b0b2e2"
"GcydU5uhCkgNWrNjlhch","Galoksid","Zaštita bilja","Fungicidi","Galenika Fitofarmacija","1","false","","Opis
Nesistemični preventivni fungicid i baktericid, namenjen za suzbijanje prouzrokovača pegavosti lista šećerne repe i paprike, i prouzrokovača kestenjaste pegavosti izdanaka maline i kupine.
Proizvođač
GALENIKA-FITOFARMACIJA a.d.
Aktivne Materije
Bakar iz bakar-hidroksida
Formulacija
kvašljivi prašak - WP
Delovanje
Galoksid je fungicid koji najveću efikasnost postiže preventivnim delovanjem, sprečavajući klijanje spora, pa samim tim i infekciju. Aktivni oblik bakra u preparatu Galoksid jeste bakarni jon Cu2+ (kupri oblik), što je i najefikasniji oblik bakra. Nakon tretmana, pod uticajem ugljen dioksida i drugih materija koje biljka produkuje, ovaj jon se oslobađa i ispoljava izuzetno visoko fungicidno delovanje. Gljive usvajaju bakarni jon koji remeti njihov razvoj, tako što inhibira enzimske procese.
Karenca
21 dan - šećerna repa, paprika
obezbeđena vremenom primene - malina, kupina
Koncentracija
1,4-2 kg/ha
0.3-0.35%
Primena
šećerna repa, paprika, malina, kupina
Pakovanje
1 kg, 10 kg","https://firebasestorage.googleapis.com/v0/b/web-shop-model.appspot.com/o/images%2F1762516127540-galoksid.webp?alt=media&token=59cd81c3-4be5-48fc-9338-d6673fed2090"
"gqh4X1LpWmi9mX62InFf","Glifol 1l","Zaštita bilja","Herbicidi","Galenika Fitofarmacija","420","false","","Opis
Totalni herbicid za suzbijanje višegodišnjih rizomskih korova, kao i jednogodišnjih i višegodišnjih uskolisnih i širokolisnih korova na poljoprivrednim i nepoljoprivrednim površinama
Proizvođač
GALENIKA-FITOFARMACIJA a.d.
Aktivne Materije
Glifosat-IPA so
Formulacija
koncentrovani rastvor - SL
Delovanje
Glifosat je neselektivni, sistemični herbicid. Primenjuje se folijarno i usvaja se uglavnom kroz kutikulu. Mehanizam delovanja je inhibicija biosinteze aromatičnih aminokiselina neophodnih za sintezu proteina. Primarno se translocira simplastom i akumulira se u podzemnim delovima, mladim listovima i meristemskom tkivu. Simptomi delovanja su hloroza i nekroza listova.
Karenca
35 dana - voćnjaci, vinova loza
obezbeđena vremenom primene - za ostale namene
Koncentracija
2-12 l/ha
Primena
jabuka, kruška, višnja, šljiva, kajsija, vinova loza, strništa, kulture i sastojine crnog i belog bora, kulture i sastojine smrče, šumski rasadnici, livade, pašnjaci, suvi kanali ili povremeno plavljeni kanali i močvare, nepoljoprivredne površine
Pakovanje
100 ml, 300 ml, 1 l, 5 l, 10 l, 200 l","https://firebasestorage.googleapis.com/v0/b/web-shop-model.appspot.com/o/images%2F1760174694541-glifol%202.jpeg?alt=media&token=12d08693-aab9-4795-8a08-7f358ecfc3f1"
"WSIxjyUTW6gdTt0rU02e","Globus EC","Zaštita bilja","Herbicidi","Galenika Fitofarmacija","1","false","","Opis
Selektivni herbicid za suzbijanje jednogodišnjih i višegodišnjih uskolisnih korova u soji, suncokretu, šećernoj repi, uljanoj repici i krompiru
Proizvođač
GALENIKA-FITOFARMACIJA a.d.
Aktivne Materije
Kvizalofop-P-etil
Formulacija
koncentrat za emulziju - EC
Delovanje
Globus EC svoje herbicidno delovanje ostvaruje preko aktivne supstance kvizalofop-P-etil iz grupe ariloksifenoksi propionata. Nakon aplikacije uskolisni korovi ga usvajaju lišćem i translocira se do tačaka porasta korena, stabla i lista, gde inhibira acetil-CoA karboksilazu i sprečava sintezu masnih kiselina. Tretirani korovi dobijaju crvenu boju, a nakon toga nekrotiraju i suše se.
Karenca
77 dana - soja, šećerna repa
obezbeđena vremenom primene - suncokret, krompir, uljana repica
Koncentracija
0,5-4 l/ha
Primena
soja, suncokret, šećerna repa, uljana repica, krompir
Pakovanje
1 l, 5 l","https://firebasestorage.googleapis.com/v0/b/web-shop-model.appspot.com/o/images%2F1762509665989-GLOBUS-EC.webp?alt=media&token=bb33cefe-e831-40c9-a7eb-5fce5f56790e"
"DHl9nd1mwAfHrbaQKAOp","Harpun","Zaštita bilja","Insekticidi","Galenika Fitofarmacija","1","false","","Opis
Insekticid sa kontaktnim i digestivnim delovanjem za suzbijanje štetočina u voćarstvu i povrtarstvu
Proizvođač
GALENIKA-FITOFARMACIJA a.d.
Aktivne Materije
Piriproksifen
Formulacija
koncentrat za emulziju - EC
Delovanje
Piriproksifen pripada grupi regulatora rasta i razvića insekata. Direktno utiče na hormonski disbalans kod insekata što rezultira sprečavanjem embriogeneze, metamorfoze i formiranje imaga. Najbolja efikasnost se postiže kada se depozit preparata nanese na biljku pre polaganja jaja ili na sveže položena jaja. U tom slučaju dovodi do degenerativnih promena u embrionu čime se sprečava formiranje i piljenje larvi.
Karenca
3 dana - paradajz (zaštićen prostor), plavi patlidžan
14 dana - kajsija, 28 dana - jabuka, kruška, breskva
Koncentracija
0.04-0.15%
Primena
jabuka, kruška, breskva, kajsija, borovnica, paradajz (u zaštićenom prostoru), plavi patlidžan
Pakovanje
50 ml, 100 ml, 1 l, 5 l","https://firebasestorage.googleapis.com/v0/b/web-shop-model.appspot.com/o/images%2F1761991287411-harpun.jpg?alt=media&token=38626cab-95bd-4bc3-89e5-539e3f128e6a"
"0UErYDV8dIdnR9aITPru","Herbal hrana za pse - Gravidity G1 12kg","Pet program","Hrana za kućne ljubimce","Premil","1","false","","Kompletna hrana za ishranu kuja i mužjaka svih rasa i veličina u periodu pripreme za parenje, u vreme parenja i kasnije do 42. dana graviditeta kuje. Namenjena je kujama koje ne mogu da udju u period estrusa, koje štene mali broj štenadi, svim kujama u periodu pre estrusa, mužjacima koji imaju problem sa reprodukcijom i onima koji imaju veliki broj parenja. Takodje, namenjena je i svim odraslim psima kojima treba da se poboljša sjaj i gustina dlake. Snabdevena je svim neophodnim makro i mikro elementima. Bogata omega 6 i omega 3 masnim kiselinama.

Sastav: dehidrirana ćuretina, piletina i tuna 28%, pirinač 18%, pileća mast, hladno ceđena biljna ulja, riblje ulje, laneno seme 4%, repin rezanac, hidrolizovana jetra, pivski kvasac, mešavina lekovitih biljaka 2%, inulin (ekstrakt cikorije).
Pakovanje: 12kg","https://firebasestorage.googleapis.com/v0/b/web-shop-model.appspot.com/o/images%2F1741618887963-G1-3D.png?alt=media&token=d8ae926b-287b-4854-a257-7211829b63b1"
"pDC7MuXnieWho8nGqoCj","Herbal hrana za pse - Gravidity G2 12kg","Pet program","Hrana za kućne ljubimce","Premil","1","false","","Kompletna hrana namenjena za ishranu kuja od 42. dana graviditeta, kujama u periodu laktacije (jer mešavina lekovitog bilja utiče na povećano lučenje kvalitetnog mleka), kao i kod prve prehrane štenadi radi pravilnog formiranja crevne flore. Snabdevena svim makro i mikro elementima, preporučuje se svim rasama i veličinama pasa.

Sastav: dehidrirana piletina, pačetina i tuna 29%, pirinač 17%, pileća mast, hladno ceđena biljna ulja, riblje ulje, laneno seme 5%, repin rezanac, hidrolizovana jetra, pivski kvasac, mešavina lekovitih biljaka 2%, inulin (ekstrakt cikorije), taurin i MOS (ekstrakt kvasca).
Pakovanje: 12kg","https://firebasestorage.googleapis.com/v0/b/web-shop-model.appspot.com/o/images%2F1741618991792-G2-3D-final.png?alt=media&token=1b7b6c7f-76c5-463b-9ff9-a1e3eecd40e4"
"VxzqrFB9n3QfLFAceUF9","Herbal hrana za pse - Puppy Maxi 12kg","Pet program","Hrana za kućne ljubimce","Premil","1","false","","Posebno formulisana hrana za štenad velikih rasa u uzrastu od 5 nedelja starosti. Koristi se po prestanku korišćenja hrane G2. Sadrži jedinstvenu kombinaciju lekovitog bilja i biljnih ekstrakata sa ciljem optimalnog razvoja digestivnog trakta, očuvanja i pojačanja imuniteta kod štenadi velikih rasa.

Sastav: dehidrirana ćuretina, pačetina i tuna 30%, pirinač 22%, pileća mast, hladno ceđena biljna ulja, riblje ulje, laneno seme 3%, repin rezanac, hidrolizovana jetra, pivski kvasac, mešavina lekovitih biljaka 2%, inulin (ekstrakt cikorije), taurin, hondroitin i glukozamin.
Pakovanje: 12kg","https://firebasestorage.googleapis.com/v0/b/web-shop-model.appspot.com/o/images%2F1741619063221-Puppy-MAXI-3D-final.png?alt=media&token=0efff16f-323f-4da2-b843-7b9cfd6f0487"
"qsFQ68gktJeKY1aEuhwV","Herbal hrana za pse - Puppy Mini 12kg","Pet program","Hrana za kućne ljubimce","Premil","1","false","","Posebno formulisana hrana za štenad malih rasa uzrasta od 5 nedelja starosti. Koristi se po prestanku korišćenja hrane G2. Sadrži jedinstvenu kombinaciju bilja i biljnih ekstrakata sa ciljem optimalnog razvoja digestivnog trakta, očuvanja i pojačanja imuniteta kod štenadi malih rasa.

Sastav: dehidrirana ćuretina, pačetina i tuna 31%, pirinač 20%, pileća mast, hladno ceđena biljna ulja, riblje ulje, laneno seme 5%, repin rezanac, hidrolizovana jetra, pivski kvasac, mešavina lekovitih biljaka 2%, inulin (ekstrakt cikorije), taurin, hondroitin i glukozamin.
Pakovanje: 12kg","https://firebasestorage.googleapis.com/v0/b/web-shop-model.appspot.com/o/images%2F1741619132819-Puppy-MINI-3D-final.png?alt=media&token=2402df53-77b3-4b61-9b10-422539ca94d3"
"Oq3Es02HnkXKzTrjjXjD","Insajder","Zaštita bilja","Fungicidi","Galenika Fitofarmacija","1","false","","Opis
Sistemični fungicid sa protektivnim i kurativnim delovanjem, namenjen za suzbijanje prouzrokovača bolesti u zasadima jabuke, vinove loze, breskve i maline.
Proizvođač
GALENIKA-FITOFARMACIJA a.d.
Aktivne Materije
Fluopiram
Formulacija
koncentrovana suspenzija - SC
Delovanje
Fluopiram je jedinjenje koje pripada grupi piridinil-etil benzamida. Deluje kao inhibitor sukcinat dehidrogenaze, inhibira klijanje spora, izduživanje kličine cevi i porast micelije kod gljiva. Deluje protektivno i kurativno. Nakon primene se usvaja i translocira u biljkama, ispoljava i translaminarnu aktivnost, a može i da se kreće ksilemom.
Karenca
28 dana - jabuka
21 dan - vinske sorte grožđa
7 dana - malina, breskva
3 dana - stone sorte grožđa
Koncentracija
0,02-0,05%
0,3-0,4 l/ha
Primena
jabuka, vinova loza, breskva, malina
Pakovanje
300 ml, 1 l","https://firebasestorage.googleapis.com/v0/b/web-shop-model.appspot.com/o/images%2F1762516439664-Insajder-300-ml.webp?alt=media&token=95102fc9-db13-4744-9a0a-21e8679e56ca"
"deyNG3xIIPMddOzS1lpQ","Kabuki 2,5-EC","Zaštita bilja","Herbicidi","Galenika Fitofarmacija","1","false","","Opis
Kontaktni herbicid za sušenje nadzemne mase (cime) u usevu krompira i za sušenje izbojaka korena i stabla i korova u zasadu vinove loze, maline, jabuke, šljive i leske, kao i za suzbijanje širokolisnih korova u zasadu jabuke i šljive
Proizvođač
Nichino Europe
Aktivne Materije
Piraflufen-etil
Formulacija
koncentrat za emulziju - EC
Delovanje
Piraflufen-etil je nova aktivna supstanca, kontaktnog delovanja, koji spada u hemijsku grupu difeniletra. Kabuki 2.5-EC je jedinstveni preparat na tržištu koji sadrži ovu aktivnu supstancu. Prilikom folijarne primene brzo se apsorbuje u biljna tkiva i utiče na razgradnju ćelijskih membrana izazivajući nekrozu i desikaciju izbojaka i lišća.
Karenca
Obezbeđena vremenom primene - krompir, vinova loza, jabuka, šljiva, malina i leska
Koncentracija
0,4-0,8 l/ha
Primena
krompir, vinova loza, jabuka, šljiva, malina, leska
Pakovanje
100 ml, 1 l","https://firebasestorage.googleapis.com/v0/b/web-shop-model.appspot.com/o/images%2F1762509772701-KABUKI-2.5.webp?alt=media&token=5368598e-5194-4389-843a-eaa2664ecc74"
"GJwt4wGOmhMMwMxTggE6","Karika","Zaštita bilja","Insekticidi","Galenika Fitofarmacija","1","false","","Opis
Sistemični insekticid sa kontaktnim i digestivnim delovanjem, namenjen za suzbijanje štetočina u voćarstvu, ratarstvu i povrtarstvu
Proizvođač
GALENIKA-FITOFARMACIJA a.d.
Aktivne Materije
acetamiprid + deltametrin
Formulacija
koncentrat za emulziju - EC
Delovanje
Deltametrin je insekticid koji pripada grupi piretroida. Mehanizam delovanja se ogleda u remećenju protoka Na+ jona kroz jonske kanale na nervnoj membrani pri čemu oni ostaju duže otvoreni, što ima za posledicu blokadu provodljivosti nervnih vlakana. Kod insekata izaziva ataksiju (drhtanje, nepravilno kretanje), odnosno odsustvo koordinacije. Piretroidi su grupa insektica koje odlikuje ,,knock down“ efekat, pa su simptomi insekticidnog delovanja veoma brzo vidljivi. Acetamiprid je supstanca koja pripada hemijskoj grupi neonikotinoida. Deluje kao kompetitivni modulator nikotinskih receptora za acetilholin (nAChR). Na ovaj način, sprečava se prenošenje nervnih impulsa, što dovodi do uginuća insekata.
Karenca
14 dana - crni luk, vlašac
28 dana - jabuka, šljiva
42 dana - uljana repica
Koncentracija
0.3-1 l/ha
Primena
crni luk, vlašac, jabuka, šljiva, uljana repica
Pakovanje
50 ml, 1 l","https://firebasestorage.googleapis.com/v0/b/web-shop-model.appspot.com/o/images%2F1761991481859-KARIKA-1-l.webp?alt=media&token=181c5841-2de7-4351-a0b9-4156c49f5c15"
"iLntt89T4Nimgb6y2oyp","Kozak","Zaštita bilja","Insekticidi","Galenika Fitofarmacija","1","false","","Opis
Kontaktni insekticid širokog spektra delovanja za folijarnu primenu u ratarstvu, povrtarstvu i voćarstvu.
Proizvođač
GALENIKA-FITOFARMACIJA a.d.
Aktivne Materije
Lambda - cihalotrin
Formulacija
koncentrat za emulziju - EC
Delovanje
Lambda - cihalotrin je kontaktni i digestivni insekticid iz grupe piretroida. Kao i ostali insekticidi iz ove grupe i ovo jedinjenje deluje na centralni i periferni nervni sistem insekata izazivajući na taj način poremećaj u protoku nervnih impulsa i paralizu.
Karenca
3 dana - tikva, bundeva, tikvica, dinja, lubenica
7 dana - zelena salata, spanać, blitva, zelje, rukola, radič, endivija, matovilac, karfiol, brokoli, prokelj, rotkva, rotkvica, slačica, leska
14 dana - jabuka, dunja, kupus, šećerna repa, boranija, pasulj, bob, sočivo, grašak, stočni grašak
28 dana - malina, jagoda, kupina, borovnica
35 dana - pšenica
Koncentracija
0,01-0,03%
0.15-0.25 l/ha
Primena
kupus, šećerna repa, malina, jagoda, kupina, borovnica, tikva, bundeva, tikvica, dinja, lubenica, boranija, pasulj, bob, sočivo, grašak, stočni grašak, zelena salata, spanać, blitva, zelje, rukola, radič, endivija, matovilac, karfiol, brokoli, prokelj, rotkva, rotkvica, slačica, leska, jabuka, dunja, pšenica
Pakovanje
50 ml, 300 ml, 1 l, 5 l","https://firebasestorage.googleapis.com/v0/b/web-shop-model.appspot.com/o/images%2F1762506822251-kozak1.JPG?alt=media&token=ae82af70-57c0-45e4-9c71-771430e95bea"
"qs68J6zMiIlTd8YlwnAD","Krastavac kornišon Ajax F1","Seme i sadnice","Seme povrtarskih kultura","Nunhems","1","false","","Snažna biljka sa tolerancijom prema visokim temperaturama i sušnim uslovima proizvodnje

Vrlo plodonosan hibrid pretežno ženskih cvetova
Za klasičan način proizvodnje kao i za gajenje na špaliru
Hibrid za različite namene
Vodeći hibrid krastavaca kornišona u svetu
Visoka otpornost (HR): Px, Ccu
Umerena otpornost (IR): CMV
Categorija: Kornišoni, Proizvođač: Nunhems","https://firebasestorage.googleapis.com/v0/b/web-shop-model.appspot.com/o/images%2F1762589172044-ajax%20kornison.jpg?alt=media&token=1042b3bf-350f-4e96-9fdf-25bbf861e17a | https://firebasestorage.googleapis.com/v0/b/web-shop-model.appspot.com/o/images%2F1762589173821-ajax%202.jpg?alt=media&token=c05908ae-df1a-4e4c-a458-586d4be33091 | https://firebasestorage.googleapis.com/v0/b/web-shop-model.appspot.com/o/images%2F1762589175443-ajax%20kesica.png?alt=media&token=272325b1-2cca-471d-b2b0-e318a47b3eb9"
"N9dMbFdLbNtNi9lM0ig2","Krastavac kornišon Monolit F1","Seme i sadnice","Seme povrtarskih kultura","Nunhems","1","false","","Biljka snažnog porasta za sve uslove proizvodnje

Izvanredna sposobnost regeneracije
Plodovi su dopadljivi, pravilnog oblika ujednačene tamnozelene boje
Za prodaju u svežem stanju kao i za preradu
Visoka otpornost (HR): Px, Ccu
Umerena otpornost (IR): CMV","https://firebasestorage.googleapis.com/v0/b/web-shop-model.appspot.com/o/images%2F1762588575944-monolit%203.jpg?alt=media&token=8e17bd50-1c26-4133-9c01-969baf5de105 | https://firebasestorage.googleapis.com/v0/b/web-shop-model.appspot.com/o/images%2F1762588576881-monolit%202.jpg?alt=media&token=6d7b2289-deec-47e4-8148-b21e7d903c74 | https://firebasestorage.googleapis.com/v0/b/web-shop-model.appspot.com/o/images%2F1762588578719-monolit%20kesica.jpg?alt=media&token=2ae99a44-c2e4-419c-aeee-a23f5f7718dc"
"SSVGawpKRCqj00czC4ap","Kristal 20-20-20+ME","Ishrana bilja","Kristalna vodootopiva đubriva","Fertico","1","false","","• Izbalansiran odnos NPK elemenata, uz dodatak mikroelemenata
• Stimuliše rast vegetativne mase
• Univerzalno đubrivo za fertigaciju i folijarno prihranjivanje biljaka","https://firebasestorage.googleapis.com/v0/b/web-shop-model.appspot.com/o/images%2F1741718836062-2.jpg?alt=media&token=8236899f-40e8-494c-ac67-f16dd4d78d38"
"vFQDETYSsh0LqTEMbF71","Kristal Berry 14-8-30+2MgO+ME","Ishrana bilja","Kristalna vodootopiva đubriva","Fertico","1","false","","• Namensko đubrivo za jagodičasto i ostalo voće
• Formulacija koja u potpunosti pruža optimalne količine hranljivih elemenata tokom većeg dela vegetacionog perioda","https://firebasestorage.googleapis.com/v0/b/web-shop-model.appspot.com/o/images%2F1741719646054-8.jpg?alt=media&token=3bddf6cd-b4d5-4b8a-9f91-ff405df966b0"
"RMogRjHlAZaMaHMSBMkx","Kristal Blueberry 1 20-5-10+ME","Ishrana bilja","Kristalna vodootopiva đubriva","Fertico","1","false","","• Naglašen sadržaj azota pri čemu je odnos amonijačnog i nitratnog oblika 3:1
• Nizak sadržaj fosfora
• Primenjuje se kontinuirano, u prvom delu vegetacionog perioda borovnice, do faze precvetavanja
• Pogodna rezidualna kiselost đubriva za zasade borovnice

","https://firebasestorage.googleapis.com/v0/b/web-shop-model.appspot.com/o/images%2F1741719768949-9.png?alt=media&token=a1e54c98-bb4a-4a3d-a22b-c0e2c640530b"
"NzRmDrkGnjSrMHeyshCX","Kristal Blueberry 2 10-5-20+ME","Ishrana bilja","Kristalna vodootopiva đubriva","Fertico","1","false","","• Povećan sadržaj kalijuma.
• Odnos amonijačnog i nitratnog azota 3:1
• Primenjuje se u drugom delu vegetacionog perioda, od precvetavanja pa sve do završetka berbe borovnice
• Doprinosi kvalitetnijem nalivanju bobica i pigmentaciji, kao i povećanju sadržaja suve materije u plodovima
• Pogodna rezidualna kiselost đubriva za zasade borovnice","https://firebasestorage.googleapis.com/v0/b/web-shop-model.appspot.com/o/images%2F1741719836499-10.png?alt=media&token=cdc22950-5abf-4919-a70b-a05acc0cffce"
"KCiv6BpJOdyncWZcbsP4","Kristal Finale 5-10-45+ME","Ishrana bilja","Kristalna vodootopiva đubriva","Fertico","1","false","","• NPK formulacija sa visokim sadržajem sulfatnog kalijuma, uz dodatak helatnih mikroelemenata
• Stimuliše sazrevanje i pigmentaciju plodova
• Fertigaciono se primenjuje pred početak pigmenatcije plodova
• Folijarno se primenjuje kada je neophodna dopunska primena kalijuma
• Najfrekventnija primena kod ishrane luka i kupusnjača, zbog prisustva sulfata","https://firebasestorage.googleapis.com/v0/b/web-shop-model.appspot.com/o/images%2F1741720012637-11.jpg?alt=media&token=2412d499-dbb2-4515-8195-9abe18caa6d9"
"uZAMPWknD7Ay1nRnzCu6","Kristal Melon 14-7-28+3.5MgO+ME","Ishrana bilja","Kristalna vodootopiva đubriva","Fertico","1","false","","• Specijalna NPK formulacija sa dodatkom magnezijuma i mikroelemenata
• Namenjen za gajenje krastavca, kornišona, lubenice, dinje i tikvice
• Pruža optimalnu ishranu biljaka u periodu od cvetanja do berbe","https://firebasestorage.googleapis.com/v0/b/web-shop-model.appspot.com/o/images%2F1741719424501-6.jpg?alt=media&token=ea37757b-0b44-4e69-9a43-81e30572b372"
"1an0d4DFVnIP18IuNRDA","Kristal Nitro 25-5-10+2MgO+ME","Ishrana bilja","Kristalna vodootopiva đubriva","Fertico","1","false","","• NPK formulacija sa visokim sadržajem azota (nitratni i amonijačni), uz dodatak magnezijuma i mikroelemenata
• Stimuliše rast i razvoj vegetativne mase biljaka

","https://firebasestorage.googleapis.com/v0/b/web-shop-model.appspot.com/o/images%2F1741718995787-3.jpg?alt=media&token=d8bde6eb-a29b-46e4-ba83-8169b6304f78"
"Rpk7LSErQSUslZqyznVh","Kristal Pepper 11-7-33+4MgO+ME","Ishrana bilja","Kristalna vodootopiva đubriva","Fertico","1","false","","• Savršena NPK formula za zasade paprike, uz dodatak magnezijuma i mikroelemenata
• Pruža optimalnu ishranu paprike u svim fenofazama njenog razvića, od ukorenjavanja do kraja berbe","https://firebasestorage.googleapis.com/v0/b/web-shop-model.appspot.com/o/images%2F1741719530683-7.jpg?alt=media&token=1c5608d4-8927-44ec-a0e5-082684138c80"
"wGZkzLCnZzrHYzNNn6Vn","Kristal Start 10-45-10+ME","Ishrana bilja","Kristalna vodootopiva đubriva","Fertico","1","false","","• Povišen sadržaj lako usvojivog fosfora, uz prateći sadržaj azota, kalijuma, i helatnih mikroelemenata
• Stimuliše ukorenjavanje i pravilan razvoj korenovog sistema
• Inicira formiranje i razvoj generativnih organa biljaka

","https://firebasestorage.googleapis.com/v0/b/web-shop-model.appspot.com/o/images%2F1741718721968-1.jpg?alt=media&token=29caadc6-4619-4ff1-9797-0c2ed15ae971"
"tN50ZHfBZEWoNi0f1ISO","Kristal Tomato 12.5-6-31+4MgO+ME","Ishrana bilja","Kristalna vodootopiva đubriva","Fertico","1","false","","• Namenska NPK formulacija sa dodatkom magnezijuma i mikroelemenata
• Namenjen za gajenje paradajza i ostalog povrća
• Koristi se u svim fenofazama razvića u varijabilnoj količini primene, zavisno od uslova na terenu

","https://firebasestorage.googleapis.com/v0/b/web-shop-model.appspot.com/o/images%2F1741719305331-5.jpg?alt=media&token=ba3515d6-8f67-4db0-988c-e5e4a0027cba"
"RVvOVSvx2aXI7kRH0Zcw","Kupus Potomak F1","Seme i sadnice","Seme povrtarskih kultura","Clause","1","false","","Vrlo prilagodljiv hibrid kupusa.

Zbog kombinacije kratkoće vegetacije i kvaliteta lista našao je svoje mesto u proizvodnji za svežu potrošnju ali isto tako i za kišeljenje.

Vegetacija mu je oko 75-80 dana sa prosečnom i ujednačenom težinom glavice 2-3kg.

Ima visoku toleranciju na najvažnije oboljenje kupusa koje izaziva bakterija Xanthomonas campestris te je u područjima gde su zaraze redovna pojava, pravi izbor.

Proizvođač: Clause
Uvoznik: Konus Glorija doo
Zemlja porekla: EU/Azija/SAD","https://firebasestorage.googleapis.com/v0/b/web-shop-model.appspot.com/o/images%2F1762522743473-potomak1.jpg?alt=media&token=f1c0100c-4612-4e78-844d-59891b883de5 | https://firebasestorage.googleapis.com/v0/b/web-shop-model.appspot.com/o/images%2F1762522744512-POTOMAK_86_1.jpg?alt=media&token=cc198b0e-cc71-40c4-94e7-071860708090"
"n1zZdhQ5Vd6qHxrCinFI","Kvazar","Zaštita bilja","Herbicidi","Galenika Fitofarmacija","1","false","","Opis
Selektivni herbicid za suzbijanje jednogodišnjih uskolisnih i širokolisnih korova u usevu soje i suncokreta otpornog na imidazolinone, lucerke u zasnivanju, pasulja i graška
Proizvođač
GALENIKA-FITOFARMACIJA a.d.
Aktivne Materije
Imazamoks
Formulacija
koncentrovani rastvor - SL
Delovanje
Kvazar je selektivni translokacioni herbicid koji sadrži aktivnu materiju imazamoks. Nakon aplikacije usvaja se folijarno ali i preko korena i translocira se do nadzemnih delova korova. Dovodi do inhibicije enzima acetolaktat sintetaze što za krajnju posledicu ima zaustavljanje sinteze aminokiselina i do uginjavanja biljke.
Karenca
35 dana - soja, grašak, pasulj, lucerka
obezbeđena vremenom primene - suncokret
Koncentracija
1-1,2 l/ha
Primena
soja, suncokret (otporan na imidazolinone), lucerka, pasulj, grašak
Pakovanje
1 l, 5 l","https://firebasestorage.googleapis.com/v0/b/web-shop-model.appspot.com/o/images%2F1762509915912-kvazar.webp?alt=media&token=4ebdc021-7eed-4741-a718-5d02afa94a4a"
"ZbHVhkq9iUnvZo3lsVXE","Lebosol Bor","Ishrana bilja","Đubriva na bazi mikroelemenata","Lebosol","1","false","","Lebosol®-Bor
Bor-etanolamin
11% vodorastvorljivog bora (B) u obliku bor-etanolamina (150 g/l B)


U svim kulturama: Kako bi se obezbedila potreba kultura za borom
Preporuka: 0,5 - 3 l/ha (u kombinaciji sa folijarnim đubrivima uz utrošak 200-400l vode). U slučaju aplikacije pomoću leđnih prskalica koncentracija primene je 0,5%)

Jabučasto voće: cvetanje, klijanje polena, bolja oplodnja, transport kalcijuma (Ca), formiranje plodova, razvoj polenovih cevčica, kvalitet pokožice
Preporuka: 1-2 puta u količini od 1l/ha. Prvi tretman u fazi formiranja cvetova, a drugi tretman na početku cvetanja.I 1-2 tretmana u fazi ploda veličine oraha u količini od 1l/ha.

Koštičavo voće: Cvetanje i formiranje plodova
Preporuka: 1-2 puta u količini od 1l/ha od početka formiranja cvetova.

Jagode:
Razvoj cvetnog pupoljka, formiranje cvetova, viša otpornost na zimske uslove
Preporuka: 2l/ha u jesen
U cilju sprečavanje deformiteta plodova , cvetanje, formiranje plodova. 1-2 puta u količini
Preporuka: 1l/ha sa prvim tretmanom u fazi formiranja cvetnih pupoljaka.
Kvalitet biljke u cilju proizvodnje semena i izdanaka za narednu setvu/sadnju Preporuka: 2 tretmana u količini od 1l/ha 14 i 7 dana pre poslednje berbe (formiranje rezervi u biljkama)

Žitarice: Prinos, kvalitet
Preporuka: 1-2 tretmana u količini od 0,5-1l/ha od formiranja 3 lista do kraja bokorenja.

Krompir: kvalitet
Preporuka: 1-2 puta u količini od 1l/ha od početka zarvaranja redova

Leguminoze: Cvetanje, formiranje plodova
Preporuka: 2 tretmana u količini od 1l/ha od intenzivnog kretanja vegetacije

Kukuruz:: Nalivanje zrna, prinos, kvalitet polena
Preporuka: 2l/ha od faze 4 lista formirana

Grožđe (vinsko): Jednako sazrevanje, cvetanje, formiranje plodova
Preporuka: 2 puta u količini od 1l/ha od faze uvećanja cvasti do početka cvetanja.

Povrće: Cvetanje, formiranje plodova
Preporuka: 1-2 tretmana u količini od 2l/ha pre cvetanja, uz prisustvo formirane lisne mase.

Kupus, lisnato i lukovičasto povrće: U cilju sprečavanja sive truleži kupusa, salate.
Preporuka: 2-3 tretmana u količini od 2-3l/ha u slučaju razvijene dovoljne količine lisne mase

Šećerna repa: Sprečavanje pojave „truleži srca“ i povećanje digestije
Preporuka: 2 tretmana u količini od 2l/ha.

Fizičke osobine:
Oblik formulacije: rastvor. Boja: zelena. pH: 7,9-8,1","https://firebasestorage.googleapis.com/v0/b/web-shop-model.appspot.com/o/images%2F1764234175870-lebosol%20bor.jpg?alt=media&token=25bc20b2-3fe0-4fac-bfb4-d0cc05081066"
"F5MQ6LCXKEaeQ4yXOcyK","Lebosol Calcium Forte","Ishrana bilja","Tečna đubriva i biostimulatori","Lebosol","1","false","","Lebosol® Calcium-Forte SC
Tečno đubrivo sa mikroelementima

U svim kulturama: Kako bi se obezbedila potreba kultura za kalcijumom.
Preporuka: 3 - 8 l/ha (u kombinaciji sa folijarnim đubrivima uz utrošak minimalno 500l vode).U slučaju aplikacije pomoću leđnih prskalica koncentracija primene je 1%.

Jabučasto voće: Čvrstoća ploda, stabilnost skladištenja, otpornost.
Preporuka: 2 - 6 tretmana u količini od 3 - 6 l/ha od kraja cvetanja do početka berbe.

Koštičavo voće: Čvrstoća ploda, stabilnost skladištenja, otpornost
Preporuka: 2 - 5 tretmana u količini od 3 - 6 l/ha od kraja cvetanja do početka berbe.

Bobičasto voće: Čvrstoća ploda, stabilnost skladištenja, otpornost
Preporuka: 2 - 4 tretmana u količini od 3 - 6 l/ha od kraja cvetanja do početka berbe

Stono grožđe: Čvrstoća ploda, stabilnost skladištenja, otpornost
Preporuka: 3 tretmana u količini od 3- 6 l/ha od formiranja ploda veličine graška do berbe

Vinsko grožđe: Čvrstoća ploda, stabilnost skladištenja, otpornost
Preporuka: 2 - 5 tretmana u količini od 3 - 6 l/ha od formiranja ploda veličine graška do berbe

Krompir : Kvalitet pokožice i mesa ploda, viša skladišna sposobnost, otpornost
Preporuka: 2-5 tretmana u količini od 3-5l intenzivnijeg vegetativnog porasta

Plodovito povrće: Sprečavanje fiziološkog poremećaja usled nedostatka kalcijuma (vršna trulež ploda), čvrstoća ploda, stabilnost skladištenja
Preporuka: 2-4 tretmana u količini od 3-5l od faze formiranja plodova.

Kupus i lisnato povrće: Sprečavanje fiziološkog poremećaja usled nedostatka kalcijuma( uvenuće vršnih delova lista), stabilnost skladištenja, otpornost
Preporuka: 2-4 tretmana u količini od 3-5l od momenta razvijene dovoljne količine lisne mase


Fizičke osobine:
Oblik formulacije: suspenzija; miris: bez mirisa; pH 7,0-8,0

Sastav:
1,5% ukupan sadržaj mangana u obliku mangan-karbonata (20 g/l Mn)
0,7% ukupan sadržaj cinka u obliku cink-oksda (10 g/l Zn)
U sastav ulazi i:
13,5 % vodorastvorljivog kalcijuma u obliku kalcijum-formijata (19% Ca","https://firebasestorage.googleapis.com/v0/b/web-shop-model.appspot.com/o/images%2F1764233965762-lebosol%20calcium.jpg?alt=media&token=45d7f127-0848-4bd1-bbfc-b7321dfbf4a5"
"jZvdY6RzL1lEWlpD9Ox5","Lebosol Cink 700 SC","Ishrana bilja","Đubriva na bazi mikroelemenata","Lebosol","1","false","","EC ĐUBRIVO


Suspenzija cinkovog đubriva


40 % Total cink (Zn) kao cink oksid 700 g/l





U svim usevima


Za ishranu bogatu cinkom, ravnotežu fitohormona, kvalitet cvetanja, đubrenje, prinos, energetski balans, brzinu fotosinteze, smanjenje radijacionog stresa (antioksidans)


Doza primene: 0,25 - 2 l/ha u najmanje 200 l vode.





Količina primene po kulturama:


Žitarice - 1 - 3 puta 0,5 - 1 l/ha od faze 3. lista


Pašnjaci - 2 - 5 puta 0,5 - 1 l/ha tokom vegetacionog perioda


Krompir - 2 - 4 puta 0,5 - 1 l/ha od početka zatvaranja reda


Mahunarke - 2 - 3 puta 0,5 - 1 l/ha od faze 6. listova


Kukuruz - 1 - 2 puta 0,5 - 1 l/ha od faze 4. lista


Uljana repica - 2 - 3 puta 0,5 - 1 l/ha od faze 4. lista


Šećerna repa - 1 - 3 puta 0,5 - 1 l/ha od faze 6. listova


Jagode - 2 - 4 puta 0,25 - 1 l/ha od faze zelenih pupoljaka


Jabučasto voće - 2 - 4 puta 0,25 - 1 l/ha od faze crvenih pupoljaka


Koštunjavo voće - 2 - 4 puta 0,25 - 1 l/ha u fazi sazrevanja plodova


Vinsko grožđe/Desertno grožđe - 2 - 4 puta 0,25 - 1 l/ha u fazi vidljivih cvasti


Povrće - 2 - 4 puta 0,5 - 1 l/ha kada se razvije dovoljna lisna masa","https://firebasestorage.googleapis.com/v0/b/web-shop-model.appspot.com/o/images%2F1764234452647-lebosol%20cink.jpg?alt=media&token=a8054d6b-c3b2-4bf5-aaf2-986111e4febf"
"FOdROyOxMGgCoQ6IV4ZK","Lebosol Kalium 450","Ishrana bilja","Tečna đubriva i biostimulatori","Lebosol","1","false","","Lebosol®-Kalium 450
NK ĐUBRIVO 3-0-30
3 % azota u amidnim obliku (45 g/l N)
30 % vodorastvorljivog kalijuma u obliku kalijum-oksida (450 g/l K2O)


U svim kulturama:
Kako bi se obezbedila potreba kultura za kalijumom
-Preporuka: 3 - 10 l/ha u kombinaciji sa folijarnim đubrivima uz utrošak minimalno 300l vode..U slučaju aplikacije pomoću leđnih prskalica koncentracija primene je 2%.
-Podsticanje otpornosti cvetova na mraz, niske temperature, uticaj na povećanje prinosa.
Preporuka: 1 – 2 tretmana u količini od 5l/ha (za najbolje rezultate kombinovati sa 2l/ha Amonosol + 1l/ha Robustus SC

Žitarice: Nedostatak azota, vitalnost biljke, vodni balans
Preporuka: 2 tretmana u količini od 5 l/ha od kraja bokorenja

Krompir: Manja osetljivost na formiranje tamnih pega u slučaju neprikladnog skladištenja, mehaničkih oštećenja i vađenja krompira usled neodgovarajućih vremenskih uslova. , nedostatak kalijuma
Preporuka: 2 - 4 tretmana u količini od 5 - 10 l/ha prilikom formiranja krtola i nakon cvetanja

Jabučasto voće: Čvrstoća ploda, veličina ploda, obojenost plodova
Preporuka: 2 - 4 tretmana u količini od 3-5 l/ha između junskog proređivanja plodova i berbe

Stono/vinsko grožđe: Formiranje šećera, formiranje čokota, kvalitet plodova, otpornost na zimske uslove
Preporuka: 1 - 2 tretmana u količini od 3- 5 l/ha
U periodu od zametanja plodova do 2 nedelje pred berbu.

Povrće: Prinos, kvalitet i veličina plodova
Preporuka: 2 - 4 tretmana 3-5 l/ha usled obrazovanja dovoljne količine lisne mase.

Fizičke osobine: Oblik formulacije: rastvor; miris: bez mirisa; pH 14,0","https://firebasestorage.googleapis.com/v0/b/web-shop-model.appspot.com/o/images%2F1764234101246-lebosol%20kalijum.jpg?alt=media&token=26c83446-1e02-4fd3-93bf-d5d124d0de81"
"nFUA3Fn3GoWZM5otuq0U","Lebosol Mangan 500 SC","Ishrana bilja","Đubriva na bazi mikroelemenata","Lebosol","1","false","","EC ĐUBRIVO


Đubrivo u obliku suspenzije


27,9 % ukupni mangan (Mn) u obliku mangan - karbonata (Mn) 500 g/l





U svim usevima:


Obezbeđuje dovoljnu količinu mangana koji utiče na kvalitet lisne mase,vodni balans, brzinu fotosinteze i smanjenje stresa (antioksidans) kod biljaka U zavisnosti od useva od 0,5 - 2 l/ha u minimum 200 l vode. Kod aplikacije leđnom prskalicom u koncentraciji 0,25%.





Žitarice -  Utiče na bolje usvajanje azota, vitalnost, bokorenje, stabilnost stabljike. Biljka je otpornija na izmrzavanje. 2 - 4 puta 0,5 - 1 l/ha Od faze 3. lista


Pašnjaci - Utiče na bolje usvajanje azota, vitalnost, bokorenje, stabilnost stabljike. Biljka je otpornija na izmrzavanje. 2 - 5 puta po 1 l/ha Tokom vegetacionog perioda


Krompir - Utiče na bolje usvajanje azota, vitalnost i kvalitet pokožice. 2 - 4 puta 1-2 l/ha Od faze sa 6 listova


Mahunarke - Utiče na bolje usvajanje azota, povećava otpornost na hladnoću,povaćava sadržaj proteina 1 - 3 puta 1 l/ha Od faze 6. lista


Kukuruz - Utiče na bolje usvajanje azota, povećana vitalnost (npr. u hladnim uslovima) 1-2 puta 1-2 l/ha Od faze sa 4 lista


Uljana repica - Utiče na bolje usvajanje azota, vitalnost, povećava sadržaj ulja, otpornost na izmrzavanje 2 - 3 puta 1-2 l/ha Od faze 4. lista


Šećerna repa - Utiče na bolje usvajanje azota, povećana vitalnost (npr. u hladnim uslovima) 1 - 3 puta 1-2 l/ha Od faze 6. lista


Jagode - Utiče na bolje usvajanje azota, povećana vitalnost (npr. u hladnim uslovima) 2 - 4 puta po 1 l/ha Od faze zelenih pupoljaka


Jabučasto voće - Utiče na bolje usvajanje azota, kvalitet lista, povećana vitalnost (npr. u hladnim uslovima), boju plodova 2 - 4 puta po 1 l/ha Od faze crvenog pupoljka do berbe


Koštunjavo voće - Utiče na bolje usvajanje azota, kvalitet lista, povećana vitalnost (npr. u hladnim uslovima) 2 - 3 puta 0,5 l/ha U fazi sazrevanja plodova


Vinsko grožđe/Desertno grožđe - Utiče na bolje usvajanje azota, povećana vitalnost (npr. u hladnim uslovima) 2 - 3 puta po 1 l/ha U fazi vidljivih cvasti


Opšte povrće - Utiče na bolje usvajanje azota, kvalitet lista, povećana vitalnost (npr. u hladnim uslovima) 2 - 4 puta 0,5 - 1 l/ha Kada se razvije dovoljno lisne mase","https://firebasestorage.googleapis.com/v0/b/web-shop-model.appspot.com/o/images%2F1764234356396-lebosol%20mangan.png?alt=media&token=95a659f1-d9c0-4773-ac33-725cfa807bf7"
"FIZLf8jJ88lQoBFxWKa8","Lebosol Nutriplant 8-8-6","Ishrana bilja","Đubriva na bazi mikroelemenata","Lebosol","1","false","","Lebosol®- NutriplantEC ĐUBRIVONPK đubrivo 8-8-6 u vidu rastvora sa izbalansiranim sadržajem mikroelemenata za folijarnu primenuSastav:8 % ukupan azot (95 g/l N), (1,7 % u obliku NH4-N , 0,7 % u obliku NO3-N, 5,6 % u obliku NH2-N)8 % vodorastvorljiv fosfor (95 g/l P2O5)6 % vodorastvorljiv kalijum (75 g/l K2O)Sadržaj mikroelemenata: 0,01 % B; 0,005 % Cu*; 0,01 % Mn*; 0,01 % Zn* (* u obliku helata EDTA)Svi mikroelementi se nalze u vodorastvorljivom obliku.PreporukeU svim kulturama u cilju snabdevanje biljke neophodnim makro I mikro elementima koji omogućavaju energetsku stabilnost, vitalnost, kvalitet procesa fotosintezeU svim kulturama U svim kulturama 3 - 7 l/ha uz utrošak minimalno 200l vode, naročito poštovati prilikom tretmana osetljivih kultura i prilikom proizvodnje u zaštićenom prostoru (0,25-0,5). Nije preporučljiva primena tokom cvetanja.U slučaju stresa i nepovoljnih uslova preporučena doza primene je 5l/haRatarske kulture: 3-5l/ha. 2-3 tretmana u fazi bokorenja, vlatanja I na početku klasanja. Uljarice: 3-5 l, 1-2 tretmana u fazi intenzivnog porasta. Voćarske kulture: 3-5 l /ha, 1-3 tretmana od faze formiranja ploda. Povrtarske kulture: 2-4 l /ha, 2-3 tretmana od faze presađivanja i u tokom intenzivnog porastaMešanje sa đubrivima koja sadrže kalcijum, magnezijum i mangan nitrat nije preporučljivo.","https://firebasestorage.googleapis.com/v0/b/web-shop-model.appspot.com/o/images%2F1764234627869-lebosol%208-8-6.png?alt=media&token=0bbd6a18-2c50-4b0f-9a68-dd399f3fffaf"
"Hr9polObU9ByAoRmwVFs","Lebosol PK- Max 5/1","Ishrana bilja","Tečna đubriva i biostimulatori","Lebosol","1","false","","EC ĐUBRIVO


Rastvor đubriva PK 24-27


23,8 % fosfata rastvorljivog u vodi (P2O5) 385 g/l ,


27,4 % kalijum-oksid rastvorljiv u vodi (K2O) 440 g/l""





U svim usevima:


Za ishranu fosforom i kalijumom, povećava vitalnost (npr. u hladnim uslovima), utiče na bolje iskorišćavanje azota, balans energije i vode, brzinu fotosinteze, formiranje korena, povećava prinos 5 - 10 l/ha (u najmanje 200 l vode ili 0,5 - 1%; za osetljive useve i useve u staklenicima i plastenicima (0,25 - 0,5%)





Žitarice - Povećava kvalitet zrna, sadržaj proteina, zimska izdržljivost 1-2 puta po 6 l/ha od faze 3. lista


Pašnjaci - Stimulacija početnog razvoja (u proleće), bolja iskorišćenost azota, otpornost na izmrzavanje 2 - 5 puta 5 - 10 l/ha tokom vegetacionog perioda (ne tokom cvetanja)


Krompir - Utiče na formiranje, rast i kvalitet krtola 2 - 4 puta 6 - 10 l/ha za zgušnjavanje stolona


Mahunarke - Nodulacija, kvalitet, sadržaj proteina 1-2 puta po 6 l/ha od faze 6. lista


Kukuruz - Stimulacija ranog razvoja (naročito u hladnim, vlažnim uslovima), bolja iskorišćenost azota, vitalnost 1-2 puta po 6 l/ha od faze 4. lista


Uljana repica - Stimulacija ranog razvoja (naročito u hladnim, vlažnim uslovima), bolja iskorišćenost azota, vitalnost,povećava sadržaj ulja 1 - 2 puta 5 - 10 l/ha od faze 4. lista


Šećerna repa Stimulacija ranog razvoja (naročito u hladnim, vlažnim uslovima), bolja iskorišćenost azota, vitalnost, stvaranje šećera 1 - 3 puta 6 l/ha od faze 6. lista


Jagode - Vitalnost, čvrstoća ploda, stabilnost pri skladištenju i transportu 2 - 4 puta 6-8 l/ha u fazi sazrevanja plodova


Jabučasto voće - crvena boja pri vrhu, čvrstoća ploda, stabilnost pri skladištenju i transportu 2 - 4 puta 6-8 l/ha 2-4 nedelje pre berbe


Koštunjavo voće - crvena boja pri vrhu, čvrstoća ploda, stabilnost pri skladištenju i transportu 2 - 4 puta 6-8 l/ha u fazi sazrevanja plodova


Vinsko grožđe/desertno grožđe - vitalnost, čvrstina korice grožđa, stabilnost pri skladištenju i transportu 2 - 4 puta 6-8 l/ha u fazi sazrevanja plodova


Opšte povrće - Stimulacija ranog razvoja (naročito u hladnim, vlažnim uslovima), bolje iskorišćavanje azota, vitalnost, unutrašnji kvalitet, kvalitet lišća 2 - 4 puta 5 - 10 l/ha kada se razvije dovoljna lisna masa","https://firebasestorage.googleapis.com/v0/b/web-shop-model.appspot.com/o/images%2F1764234275730-lebosol%20pk.jpg?alt=media&token=837fa51a-6109-44b6-94ca-3d634756fc0d"
"2ldBozgPheD5nGpXH0Qn","Lebosol RapsMix SC","Ishrana bilja","Đubriva na bazi mikroelemenata","Lebosol","1","false","","Lebosol® RapsMix SC
Tečno đubrivo sa mikroelementima bor (B), mangan (Mn) i molibden (Mo)
4,1 % vodorastvorljivi bor u obliku bor-etanolamina (60 g/l B)
4,8 % ukupan mangan u obliku mangan-oksida (70 g/l Mn)
0,5 % vodorastvorljivi molibden (7 g/l Mo)
U sastav ulazi i:
8,7 % kalcijum-oksid (130 g/l CaO),
9,2 % sumpor (135 g/l S)


U svim kulturama :Snadbevanje kultura sa borom (B), manganom (Mn), magnezijumom (Mg) i sumporom (S).
Folijarna primena: 3l/ha uz utrošak 200-400l vode.
U slučaju aplikacije pomoću leđnih prskalica koncentracija primene je 0,5%)

Uljana repica: Otpornost na mraz i niže temperature, stimulacija cvetanja i ujednačenog sazrevanja, prinos.
Preporuka: 2 tretmana u količini od 2-3 l/ha u jesen kada je repica u fazi 4-6 listova i proleće pre cvetanja.

Sadržaj proteina, kvalitet
Preporuka: 1-2 tretmana u količini od 2- 3l/ha tokom vegetacije
Šećerna repa: Prinos, kvalitet. Otpornost na bolesti, mrka trulež korena (R. Solani).
Preporuka: 1-2 tretmana u količini od 3l/ha u fazi razvoja 6lista i zatvaranja redova.

Fizičke osobine:
Oblik formulacije: suspenzija; miris: neprijatan; boja: svetlo braon; pH: 8,5","https://firebasestorage.googleapis.com/v0/b/web-shop-model.appspot.com/o/images%2F1764234540277-lebosol%20mix.jpg?alt=media&token=2027957d-e835-4059-882b-f16dbb02c4e7"
"RaFhONpppzR2LangyOzz","Legat SP","Zaštita bilja","Fungicidi","Galenika Fitofarmacija","1","false","","Opis
Sistemični protektivni i kurativni fungicid za suzbijanje prouzrokovača bolesti u povrtarstvu, voćarstvu i vinogradarstvu
Proizvođač
GALENIKA-FITOFARMACIJA a.d.
Aktivne Materije
Fosetil-aluminijum
Formulacija
vodorastvorljivo prašivo - WP
Delovanje
Legat SP je sistemični fungicid sa protektivnim i kurativnim delovanjem. Inhibira klijanje spora, blokira razvoj micelije i sporulaciju. Pravi sistemični fungicid sa translokacionom aktivnošću putem ksilema i floema. Aktivna supstanca se brzo usvaja, a zatim prenosi po celoj biljci. Ispoljava dvojako delovanje - neposredno na fitopatogene gljive i istovremeno podstiče i prirodni odbrambeni mehanizam biljaka. Najbolje efekte ispoljava pri uzastopnim primenama na 7-10 dana.
Karenca
4 dana - krastavac, bundeva, tikvica, dinja, lubenica
14 dana - jagoda
21 dan - stone sorte vinove loze
30 dana - jabuka
42 dana - vinske sorte grožđa
Koncentracija
0.25-0.37%
2-4.5 kg/ha
Primena
krastavac, jabuka, bundeva, tikva, tikvica, dinja, lubenica, jagoda, vinova loza
Pakovanje
30 g, 1 kg","https://firebasestorage.googleapis.com/v0/b/web-shop-model.appspot.com/o/images%2F1762516512232-legat.jpg?alt=media&token=1d5e8160-64dd-4c82-914d-fb6e792c6d92"
"vo5INM7LszLohhTXm931","Lithomer (Cao-Mgo) 39,5%-10%","Ishrana bilja","Organska đubriva i poboljšivači zemljišta","Agritalia ","1","false","","SASTAV PROIZVODA
Ca (kalcijum - CaO)
39,5%;
Mg (magnezijum - MgO)
10%;

Lithomer je kompleksni kompaktirani oplemenjivač zemljišta.
Zbog izuzetne finoće mlevenja omogućava ishranu biljaka kalcijumom,
popravlja kisela i degradirana zemljišta i
omogućava stvaranje optimalnih uslova za ishranu biljaka makroelementima.
Organski kalcijum morskog porekla (kalcifikovane školjke i alge).
Opšta preporuka je 300-1000 kg/ha u jesen pred zaoravanje ili u proleće uz inkorporaciju.","https://firebasestorage.googleapis.com/v0/b/web-shop-model.appspot.com/o/images%2F1764323090033-Lithomer.jpg?alt=media&token=5381d56d-3d5a-4fcb-b998-2f3944e25e65"
"7iKw0J3P9BBPxODR8tqx","Logan","Zaštita bilja","Herbicidi","Galenika Fitofarmacija","1","false","","Opis
Sistemični herbicid širokog spektra delovanja namenjen za suzbijanje uskolisnih i širokolisnih jednogodišnjih korova u usevu kukuruza.
Proizvođač
GALENIKA-FITOFARMACIJA a.d.
Aktivne Materije
Izoksaflutol + protektant ciprosulfamid
Formulacija
koncentrovana suspenzija - SC
Delovanje
Izoksaflutol pripada grupi inhibitora hidroksipiruvat dioksigenaze (HRAC: 27 (F2)). Mehanizam delovanja se zasniva na inhibiciji sinteze karotenoida što se ispoljava kroz karatkeristični simptom promene boje lista iz zelene u belu (izbeljivanje), nakon čega izbeljivanje prelazi u nekrozu što dovodi do konačnog uvenuća korovske biljke. Preparat sadrži i protektant ciprosulfamid koji ima ulogu u podsticanju metabolizma kukuruza i ubrzavanje neutralisanja herbicida što pokazuje izuzetnu selektivnost herbicida prema gajenim biljkama.
Karenca
Obezbeđena vremenom primene - kukuruz
Koncentracija
0,4 l/ha
Primena
kukuruz
Pakovanje
1 l","https://firebasestorage.googleapis.com/v0/b/web-shop-model.appspot.com/o/images%2F1762510081403-logan.webp?alt=media&token=c538ff34-4222-401c-9b81-3a401aa0ebbe"
"e40RGzfmPrg2loEHjXYI","Magnetic","Zaštita bilja","Fungicidi","Galenika Fitofarmacija","1","false","","Opis
Sistemični protektivni i kurativni fungicid za suzbijanje prouzrokovača bolesti u povrtarstvu, voćarstvu i vinogradarstvu
Proizvođač
GALENIKA-FITOFARMACIJA a.d.
Aktivne Materije
Fosetil-aluminijum
Formulacija
vodorastvorljivo prašivo - WP
Delovanje
Legat SP je sistemični fungicid sa protektivnim i kurativnim delovanjem. Inhibira klijanje spora, blokira razvoj micelije i sporulaciju. Pravi sistemični fungicid sa translokacionom aktivnošću putem ksilema i floema. Aktivna supstanca se brzo usvaja, a zatim prenosi po celoj biljci. Ispoljava dvojako delovanje - neposredno na fitopatogene gljive i istovremeno podstiče i prirodni odbrambeni mehanizam biljaka. Najbolje efekte ispoljava pri uzastopnim primenama na 7-10 dana.
Karenca
4 dana - krastavac, bundeva, tikvica, dinja, lubenica
14 dana - jagoda
21 dan - stone sorte vinove loze
30 dana - jabuka
42 dana - vinske sorte grožđa
Koncentracija
0.25-0.37%
2-4.5 kg/ha
Primena
krastavac, jabuka, bundeva, tikva, tikvica, dinja, lubenica, jagoda, vinova loza
Pakovanje
30 g, 1 kg","https://firebasestorage.googleapis.com/v0/b/web-shop-model.appspot.com/o/images%2F1762516713543-magnetic.webp?alt=media&token=46871c26-85b0-4514-a332-2a10e4deeabe"
"OYronSZtaFmUWTCEUu4K","Magni-Cal B","Ishrana bilja","Đubriva na bazi mikroelemenata","Fertico","1","false","","• Tečno folijarno đubrivo na bazi kalcijuma i magnezijuma, uz prateći sadržaj bora
• Idealan za primenu u voću i povrću, od početka pa do sredine vegetacije
• Lako usvojiv oblik kalcijuma, preporučljiv za primenu u početnim stadijumima formiranja i nalivanja plodova
• Prisustvo bora pospešuje usvajanje kalcijuma i pomaže biljci u periodu oplodnje
• Eliminiše pojavu simptoma deficita magnezijuma kod biljaka
• Primena: voćarstvo 3-5 l/ha, povrtarstvo 0.3 do 0-5 %

Sadržaj CaO u proizvodu: 205,5 g/l

","https://firebasestorage.googleapis.com/v0/b/web-shop-model.appspot.com/o/images%2F1741768134520-5.jpg?alt=media&token=2cecee81-6b6d-411e-aa73-926737a3e664"
"pBjrdhdsFWhWskRo9Q6i","Mangan Organo 12","Ishrana bilja","Đubriva na bazi mikroelemenata","Fertico","1","false","","• Praškasto đubrivo na bazi mangana (Mn) u obliku EDTA helatnog kompleksa
• Sprečava nekrozu vršnog dela lišća koja može nastati usled nedostatka ovog mikroelementa u zemljištu
• Preporuka je da se koristi preventivno na alkalnim zemljištima (na pH vrednostima višim od 7)
• Primena: folijarno od 0.1% do o.2%, fertigaciono od 2 do 10 kg/ha

Sadržaj Mn u proizvodu: 120 g/kg

","https://firebasestorage.googleapis.com/v0/b/web-shop-model.appspot.com/o/images%2F1741768852998-FITOFERT-MANGAN-ORGANO-12.jpg?alt=media&token=d20ba02c-c391-4ec8-be00-5e2bc38281a3"
"xi6OkAlOOApHCbe9a0mH","Megafol","Ishrana bilja","Tečna đubriva i biostimulatori","Valagro","1","false","","Folijarni biostimulator biljnog porekla na bazi aminokiselina MEGAFOL.

Megafol je prirodni biostimulator koji pomaže biljkama u nepovoljnim uslovima sredine (suša, preterana vlažnost, niske temperature, oštećenja od grada i sl.). Pojačava fotosintetsku aktivnost i reguliše hormonalnu ravnotežu biljaka, poboljšava dejstvo drugih materija primenjenih na biljci (pesticidi, folijarna đubriva). Biostimulatori Gde nauka služi prirodi.

Sastav – Ukupni azot 3% (organski N 1%, 2% kao N-NH2), rastvorljivi kalijum oksid (K2O) 3,1%, organski ugljenik biološkog porekla 9%, vitamini, proteini, 35% aminokiselina biljnog porekla, betaini.

Formulacija – Tečna

Pakovanje – 1 litar

Metode primene – Folijarno, fertirigacijom, lokalno zalivanje

Količina pripreme – Folijarno u intervalima od 10-15 dana u toku vegetativnog ciklusa
Voće, povrće, industrijsko bilje i ukrasno bilje na otvorenom polju – 2-3 l/ha

Voće, povrće i ukrasno bilje u zatvorenom prostoru 150-250 ml/100 l

Ratarske kulture 1-3l/ha zajedno sa pesticidima i folijarnom prihranom","https://firebasestorage.googleapis.com/v0/b/web-shop-model.appspot.com/o/images%2F1764233691673-megafol.png?alt=media&token=8a514904-8f1f-4ea7-9502-e31cd9113561"
"vBCAKifsE7knAyAKGDyg","Metod 480 SC","Zaštita bilja","Fungicidi","Galenika Fitofarmacija","1","false","","Opis:
Nesistemični fungicid sa protektivnim delovanjem za suzbijanje prouzrokovača bolesti u voćarstvu i vinogradarstvu.
Proizvođač:
GALENIKA-FITOFARMACIJA a.d.
Aktivne Materije:
Kaptan
Formulacija:
koncentrovana suspenzija - SC
Delovanje:
Kaptan je fungicid širokog spektra delovanja i koristi se za suzbijanje prouzrokovača gljivičnih bolesti na mnogim gajenim kulturama. Ova visoko reaktivna aktivna supstanca stupa u procese sa slobodnim amino i hidroksil grupama enzima što za posledicu ima inhibiciju disanja i drugih metaboličkih procesa. Ovim procesom se sprečava klijanje spora i disanje. Svoje delovanje ispoljava na više mesta u ćeliji gljive i one ne mogu da razviju rezistentnost na ovaj preparat.
Karenca:
7 dana - malina, kupina
21 dan - jabučasto i koštičavo voće, jagoda
35 dana - vinova loza
Koncentracija
2-3 l/ha
Primena:
malina, kupina, jabuka, kruška, breskva, kajsija, šljiva, višnja, trešnja, vinova loza, jagoda
Pakovanje:
300 ml, 1 l, 5 l","https://firebasestorage.googleapis.com/v0/b/web-shop-model.appspot.com/o/images%2F1762517903990-metod.webp?alt=media&token=6d721a26-86cd-45de-b064-92528ecda832"
"EbiKcdrOEK7b9U7lCsbt","Mg-Max","Ishrana bilja","Đubriva na bazi mikroelemenata","Fertico","1","false","","• Vodotopivi prah na bazi helatno vezanog magnezijuma (Mg)
• Lakše je usvojiv od svih drugih oblika magnezijuma
• Utiče na bržu sintezu hlorofila
• Brz efekat na tretiranim biljkama
• Primena: Folijarno od 0.1 % do 0.3 % fertigaciono 3-5 kg/ha.

Sadržaj organski vezanog MgO: 70 g/kg","https://firebasestorage.googleapis.com/v0/b/web-shop-model.appspot.com/o/images%2F1741768030792-4.jpg?alt=media&token=189dc326-1488-4278-84fc-c4edaa6afc2e"
"SmzjKtpbPzNpOWoei5ve","Monosan Herbi 500","Zaštita bilja","Herbicidi","Galenika Fitofarmacija","1","false","","Opis
Selektivni translokacioni herbicid za suzbijanje jednogodišnjih i višegodišnjih širokolisnih korova u usevu pšenice i kukuruza
Proizvođač
GALENIKA-FITOFARMACIJA a.d.
Aktivne Materije
2.4-D u obliku DMA soli
Formulacija
koncentrovani rastvor - SL
Delovanje
2,4-D je selektivni, translokacioni herbicid iz hemijske grupe derivati fenoksi-karboksilne kiseline. Soli 2,4-D biljke bolje apsorbuju korenom, a transport se odvija primarno ksilemom i akumulira u tačkama rasta stabla i korena. Izaziva promene propustljivosti ćelijskog zida i promene u metabolizmu nukleinskih kiselina. Niske koncentracije izazivaju nekontrolisanu deobu ćelija što utiče na propadanje vaskularnih tkiva, dok visoke koncentracije inhibiraju deobu ćelija.
Karenca
Obezbeđen vremenom primene - pšenica i kukuruz
Koncentracija
1,5-2,5 l/ha
Primena
pšenica, kukuruz
Pakovanje
1 l","https://firebasestorage.googleapis.com/v0/b/web-shop-model.appspot.com/o/images%2F1762510266028-monosan.webp?alt=media&token=37a1cd69-cffd-4b3d-955d-fbe2ae900f76"
"fcqiAZHEnXCrFxbZQiUE","Motorni trimer Villager BC 1250 S","Garden oprema i alati","Mašine","Villager","19500","false","","Kategorija	Motorni trimeri
Tip motora	Dvotaktni, vazdušno hlađeni
Zapremina motora	42.7 cm³
Snaga motora / broj obrtaja	1.25 kW (7000 rpm)
Radni zahvat niti	415 mm
Radni zahvat noža	255 mm
Sistem prenosa	Kardan
Tip kardanske cevi	Nedeljiva aluminijumska
Prečnik kardanske cevi	28 mm
Tip rukohvata	Bike rukohvat
Tip remena	Ergonomski remen
Masa	7.8 kg
Linija proizvoda	Orange edition","https://firebasestorage.googleapis.com/v0/b/web-shop-model.appspot.com/o/images%2F1740858683046-bc-trimer-s.jpg?alt=media&token=523c2d13-bdd7-43b3-a27c-75bca14ef9a7 | https://firebasestorage.googleapis.com/v0/b/web-shop-model.appspot.com/o/images%2F1740858951642-trimer.jfif?alt=media&token=5c8c6c8f-b658-438e-b286-a70175892d65"
"7HjjeoWeQVoXFpsPqE2H","Neon","Zaštita bilja","Fungicidi","Galenika Fitofarmacija","1","false","","Opis:
Sistemični fungicid sa protektivnim i kurativnim delovanjem za suzbijanje prouzrokovača bolesti u voćarstvu
Proizvođač:
GALENIKA-FITOFARMACIJA a.d.
Aktivne Materije:
Ciprodinil
Formulacija:
koncentrat za emulziju - EC
Delovanje:
Neon je sistemični fungicid iz grupe anilinopirimidina. Svoju sistemičnost ispoljava nakon usvajanja u biljna tkiva, kretanjem akropetalno sprovodnim sudovima ksilema. Način delovanja fungicida je inhibicija biosinteze aminokiseline metionin i lučenje hidrolitičkih enzima gljive. Na taj način se zaustavlja rast apresorije koja klija iz spore i njeno prodiranje u biljno tkivo i sprečava nastanak infekcije u njenim početnim fazama.
Karenca:
14 dana - višnja, šljiva, breskva, kajsija
28 dana - jabuka
Koncentracija:
0,5-0,7 l/ha
Primena:
jabuka, višnja, šljiva, breskva, kajsija
Pakovanje
50 ml, 300 ml, 1 l","https://firebasestorage.googleapis.com/v0/b/web-shop-model.appspot.com/o/images%2F1762518082744-Neon.jpeg?alt=media&token=ab18e75c-fab7-4c9a-9ee9-841d1ed922a8"
"6eH9ISycdUETUyGBhkQy","Nervosol Organic NPK 4-3-4","Ishrana bilja","Organska đubriva i poboljšivači zemljišta","Agritalia","1","false","","SASTAV PROIZVODA:
N (azot organski)
4%;
P (fosfor - P2O5)
3%;
K (kalijum - K2O)
4%;
C - organski
30%;
pH
6,5;
Organska materija
70%;

Nervosol je Kompleksno, koncentrovano, peletirano organsko đubrivo
Proizveden od konjskog i živinskog stajnjaka.
Ima veoma visoku upotrebnu vrednost u ishrani gajenih biljaka na svim tipovima zemljišta.
Popravlja fizičku strukturu
Bez termičke obrade, dugotrajnim odležavanjem, očuvana je mikrobiološka aktivnost.
Ne sadrži korove, patogene i insekte.
Opšta preporuka je 750-1500 kg/ha, u zavisnosti od biljne kulture i tipa zemljišta","https://firebasestorage.googleapis.com/v0/b/web-shop-model.appspot.com/o/images%2F1764322672560-nervosol.jpg?alt=media&token=51cefafc-8950-4874-81d2-e0f6941d5907"
"C5lxjoRJ83bDW9LCEaer","Okvir","Zaštita bilja","Herbicidi","Galenika Fitofarmacija","1","false","","Opis
Selektivni translokacioni herbicid za suzbijanje jednogodišnjih širokolisnih korova u usevima kukuruza, soje i lucerke
Proizvođač
GALENIKA-FITOFARMACIJA a.d.
Aktivne Materije
Tifensulfuron-metil
Formulacija
vododisperzibilne granule - WG
Delovanje
Tifensulfuron-metil je selektivni, translokacioni herbicid iz hemijske grupe sulfonilurea. Usvaja se lišćem i korenom korova i brzo se prenosi naviše i naniže u biljci. Zaustavljajući procese nastajanja acetolaktat sintetaze (ALS), ova aktivna materija prouzrokuje inhibiciju amino kiselina valina i izoleucina, a potom stopira deobu ćelija i rast biljaka.
Karenca
Obezbeđena vremenom primene - kukuruz, soja i lucerka
Koncentracija
8-20 g/ha
Primena
kukuruz, soja, lucerka
Pakovanje
8 g","https://firebasestorage.googleapis.com/v0/b/web-shop-model.appspot.com/o/images%2F1762510420098-okvir2.jpg?alt=media&token=4a0e678e-e4f4-4e68-b951-3e7a565c58d7"
"42uDFsvvn5RA2r1znDRY","Pampas","Zaštita bilja","Herbicidi","Galenika Fitofarmacija","1","false","","Opis
Sistemični herbicid namenjen za suzbijanje uskolisnih korova u usevu pšenice.
Proizvođač
GALENIKA-FITOFARMACIJA a.d.
Aktivne Materije
Pinoksaden + protektant klokvintocet-meksil
Formulacija
koncentrat za emulziju - EC
Delovanje
Pinoksaden je sintetičko jedinjenje koje pripada grupi fenilpirazolina. Efikasno suzbija uskolisne korove u usevu pšenice. Deluje tako što inhibira acetil koenzim A karboksilazu što je prvi korak u biosintezi masnih kiselina. Aktivna materija ima sistemično delovanje. Nakon usvajanja, brzo se translocira u nadzemni deo i koren korovskih biljaka.
Karenca
Obezbeđena vremenom primene - pšenica
Koncentracija
0.6-1.2 l/ha
Primena
pšenica
Pakovanje
1 l","https://firebasestorage.googleapis.com/v0/b/web-shop-model.appspot.com/o/images%2F1762510595920-pampas.webp?alt=media&token=a504687c-3431-4b95-b7f6-ddcc90853640"
"KS59Aeq2qsGAgNh4H0z1","Panorama Bio Plus","Ishrana bilja","Mikrobiološka đubriva","Agritalia","1","false","","SASTAV PROIZVODA:
Mikorize
1200 spora/g;
Trichoderma
2,4 x 10^6/g;
Kompleks različitih rizosfernih mikroorganizama
2,4 x 10^9/g
Panorama bio plus je liofilizovano mikrobiološko đubrivo koje  sadrži u optimalnom broju različite rizosferne mikroorganizme:



          Mycorrihzae sp.

          Beauveria sp.

          Metarhizium sp.

          Trichoderma sp.

          Rhizobacteria

          Bacillus sp.

          Pseudomonas sp.





Na prirodan način jača imuni sistem biljaka i doprinosi poboljšanom usvajanju hranljivih elemenata,
Višestruko poboljšava rast i razvoj korena,
Pojačava rezistentnost na stres i patogene, kao i štetne insekte. Takođe
olakšava mobilnost teških metala i time povećava bioremedijaciju zemljišta.
Opšta preporuka je 500-1000g/ha

","https://firebasestorage.googleapis.com/v0/b/web-shop-model.appspot.com/o/images%2F1764321850390-Panorama-BIO-PLUS.jfif?alt=media&token=45deae20-479f-4381-b996-919d6fd2df43"
"pYlSzuFlYNcBncDYJJdv","Paradajz Motril F1","Seme i sadnice","Seme povrtarskih kultura","Fito","1","false","","Paradajz Motril F1 – rani i otporan indeterminantni hibrid
Paradajz Motril F1 je najnoviji rani indeterminantni hibrid namenjen najranijoj proizvodnji. Ova sorta karakteriše se kompaktnim rastom biljke sa veoma kratkim rastojanjem između internodija, što olakšava gajenje i povećava produktivnost. Idealna je za plasteničku proizvodnju, ali se može uspešno uzgajati i na otvorenom, čime se povećava fleksibilnost uzgoja i prilagodljivost različitim klimatskim uslovima.

Karakteristike biljaka Motril F1
Biljke Paradajza Motril F1 formiraju 5–7 plodova po spratu. Njihova kompaktnost i pravilno razvijene stabljike omogućavaju ravnomeran rast plodova i olakšavaju berbu. Ova sorta posebno dobro uspeva u hladnijim uslovima jer omogućava odličnu oplodnju na prvom spratu čak i pri nižim temperaturama, što povećava prinos i kvalitet berbe.

Krupni i kvalitetni plodovi
Plodovi Motril F1 su krupni, teški između 220 i 250 grama, sa sjajnom crvenom bojom i čvrstom strukturom. Ova kombinacija čini ih pogodnim za transport i duže skladištenje bez gubitka kvaliteta. Njihov kvalitet i atraktivan izgled čine ovaj hibrid privlačnim za profesionalne proizvođače i tržište svežeg paradajza.

Otpornost na bolesti
Jedna od najvećih prednosti sorte Paradajz Motril F1 je otpornost na bolesti. Hibrid je otporan na viruse ToMV (Tobacco Mosaic Virus), Fusarium oxysporum (Fol: 0,1/Vd), kao i na virus Tomato Spotted Wilt Virus (TSWV/Mi). Ova otpornost omogućava stabilnu proizvodnju i smanjuje potrebu za hemijskom zaštitom, štedeći vreme i resurse proizvođača.","https://firebasestorage.googleapis.com/v0/b/web-shop-model.appspot.com/o/images%2F1762523039819-motril%20f1.jpg?alt=media&token=b88c4e70-8316-4bc2-8d26-ef48dc3e58c2"
"c8lYb6PIhwcRGUbF6fHG","Pehar","Zaštita bilja","Fungicidi","Galenika Fitofarmacija","1","false","","Opis:
Sistemični fungicid sa protektivnim delovanjem za suzbijanje prouzrokovača bolesti u vinogradarstvu, voćarstvu i povrtarstvu
Proizvođač:
GALENIKA-FITOFARMACIJA a.d.
Aktivne Materije:
Pirimetanil
Formulacija:
koncentrovana suspenzija - SC
Delovanje:
Pirimetanil spada u grupu anilinopirimidina i odlikuje se sistemičnim delovanjem. Mehanizam delovanja je u inhibiciji sekrecije enzima patogena neophodnih za ostvarenje infekcije. Procesi koji se ometaju kod gljiva su sama penetracija apresorije u domaćina (inhibiranje sekrecije pektolitičkih enzima) i porast micelije na površini lista. Slabo isparava i slabo se spira sa lišća nakon sušenja depozita te ima dugu perzistentnost na biljnom tkivu.
Karenca:
14 dana - malina, jagoda, paprika, paradajz, kupina, borovnica, plavi patlidžan
21 dan - breskva, kajsija, trešnja
28 dana - jabuka, kruška
35 dana - vinova loza
Koncentracija:
1-2 l/ha
0.2%
Primena:
jabuka, kruška, vinova loza, malina, jagoda, breskva, trešnja, paprika, paradajz, kupina, borovnica, kajsija, plavi patlidžan
Pakovanje
100 ml, 300 ml, 1 l","https://firebasestorage.googleapis.com/v0/b/web-shop-model.appspot.com/o/images%2F1762518221970-pehar.webp?alt=media&token=4aaad6bc-25a3-4fcd-8315-84794d8b8077"
"vMzzdAay34bbCZghgrtn","Ph Green","Ishrana bilja","Organska đubriva i poboljšivači zemljišta","Fertico","1","false","","• Proizvod na bazi organskih kiselina
• Namenjen za primenu u uslovima visoke alkalnosti zemljišta i zalivnih voda (pH preko 7)
• Snižava pH vrednost tvrdih zalivnih voda, uz blago snižavanje EC vrednosti istih
• Kontinuiranom primenom u fertigaciji postepeno snižava pH vrednost zemljišta i povećava dostupnost hraniva
• Primenjuje se samostalno ili u kombinaciji sa fertigacionim đubrivima
• Primena: fertigaciono 0.1% radni rastvor
• Primena: fertigaciono od 100 do 500 grama na 1000 l vode (u zavisnosti od pH vrednosti vode)","https://firebasestorage.googleapis.com/v0/b/web-shop-model.appspot.com/o/images%2F1741769402800-FITOFERT-PH-GREEN.jpg?alt=media&token=e187dedd-d256-4b36-8dcf-5ee8503f6047"
"LvxNm02dsRCQKtl6qqjh","Plamen","Zaštita bilja","Herbicidi","Galenika Fitofarmacija","1","false","","Opis
Selektivni herbicid za efikasno suzbijanje jednogodišnjih i višegodišnjih širokolisnih korova u kukuruzu i na nepoljoprivrednim površinama
Proizvođač
GALENIKA-FITOFARMACIJA a.d.
Aktivne Materije
Dikamba - DMA
Formulacija
koncentrovani rastvor - SL
Delovanje
Plamen je selektivni, translokacioni herbicid koji sadrži aktivnu supstancu dikamba iz grupe derivata benzoeve kiseline. Usvaja se folijarno i sprovodnim sudovima se translocira kroz celu korovsku biljku uključujući nadzemne i podzemne delove. Inhibira procese ćelijske deobe i fotosinteze što dovodi do deformacija celokupne korovske biljke u vidu uvrtanja, žutila i brzog propadanja.
Karenca
Obezbeđena vremenom primene - kukuruz
Koncentracija
0,5-0,7 l/ha
1,5 l/ha
Primena
kukuruz, nepoljoprivredne površine
Pakovanje
100 ml, 200 ml, 1 l, 10 l","https://firebasestorage.googleapis.com/v0/b/web-shop-model.appspot.com/o/images%2F1762510672288-PLAMEN.webp?alt=media&token=d369954a-a16a-4a35-ae85-cbff15a51218"
"cVDPIH7HMdeqJc4RbKW2","Plavo ulje","Zaštita bilja","Fungicidi","Galenika Fitofarmacija","1","false","","Opis:
Kontaktni insekto-akaro-fungicid za suzbijanje insekata, grinja i prouzrokovača bolesti u voćarstvu
Proizvođač:
GALENIKA-FITOFARMACIJA a.d.
Aktivne Materije:
Bakar-oksihlorid + mineralno ulje
Formulacija:
uljna disperzija - OD
Delovanje:
Plavo ulje je proizvod koji u svom sastavu sadrži dve aktivne supstance. Bakar-oksihlorid je preventivni fungicid i baktericid. Inhibira klijanje spora patogena. Gljive ne stvaraju rezistentnost na ovu materiju zbog njenog višestrukog mehanizma delovanja. Mineralno ulje primenjeno u vreme kretanja vegetacije fizički onemogućava respiraciju svih stadijuma insekata i grinja. Takođe, obezbeđuje bolju pokrovnost i prijanjanje i na taj način poboljšava performanse tretiranja.
Karenca:
Obezbeđena vremenom primene - jabuka, breskva, malina, kupina, šljiva
Koncentracija
2-3%
Primena:
jabuka, breskva, malina, kupina, šljiva
Pakovanje
200 ml, 1l","https://firebasestorage.googleapis.com/v0/b/web-shop-model.appspot.com/o/images%2F1762518344320-plavo%20ulje.jpeg?alt=media&token=d3521130-ab9e-4f16-97d8-91025edf5dde"
"9hUqZ4MsMTu2TTgTB646","Polux","Zaštita bilja","Insekticidi","Galenika Fitofarmacija","1","false","","
Opis: Kontaktni i digestivni insekticid širokog spektra delovanja

Proizvođač: GALENIKA-FITOFARMACIJA a.d.
Aktivne Materija: Deltametrin
Formulacija: Koncentrat za emulziju - EC

Delovanje: Deltametrin je sintetički insekticid iz grupe piretroida kojeg odlikuje veoma brz efekat delovanja na ciljane štetočine. Nakon primene dolazi do paralize nervnog sistema insekata, kroz promene napona natrijumovih kanala nervih vlakana. Do uginuća insekata dolazi zbog nepovratnog oštećenja nervog sistema. Polux deluje kontaktno i digestivno na sve pokretne stadijume insekata.

Karenca:
3 dana - plavi patlidžan, tikva, bundeva, tikvica, lubenica, jagoda, kajsija, paprika
7 dana - jabuka, kruška, krompir, paradajz, krastavac, praziluk, vlašac, mrkva, peršun, celer, paštrnak, boranija, pasulj, bob, sočivo, grašak, stočni grašak, zelena salata, zelje, rukola, matovilac, kelj, karfiol, brokoli, rotkva, rotkvica
14 dana - breskva, trešnja, višnja, šljiva, kukuruz, hmelj
21 dan - vinova loza
28 dana - maslina, duvan
30 dana - leska, cvekla
35 dana - strna žita
42 dana - uljana repica
/ - šumske sastojine

Koncentracija primene:
0,2-0,5 l/ha
0.02-0.07%

Primena:
jabuka, kruška, breskva, kajsija, trešnja, višnja, šljiva, jagoda, vinova loza, leska, krompir, paradajz, krastavac, plavi patlidžan, paprika, tikva, bundeva, tikvica, lubenica, praziluk, vlašac, mrkva, peršun, celer, paštrnak, boranija, pasulj, bob, sočivo, grašak, stočni grašak, zelena salata, zelje, rukola, matovilac, kelj, karfiol, brokoli, rotkva, rotkvica, cvekla, maslina, strna žita, kukuruz, hmelj, duvan, uljana repica, šumske sastojine

Pakovanje:
50 ml, 200 ml, 1 l, 5 l","https://firebasestorage.googleapis.com/v0/b/web-shop-model.appspot.com/o/images%2F1761989253044-polux%20(1).jpg?alt=media&token=970a2439-e7bb-4d28-81ae-5c064ea7e51a"
"oTNQogKvcwLXU5pjuZWL","Premil hrana za pse - Atlantic 15kg","Pet program","Hrana za kućne ljubimce","Premil","1","false","","Kompletna hrana za jačanje imuniteta pasa, za osetljive i pse podložne alergijama. Bogata potrebnim makro i mikro elementima i žitaricama koje ne sadrže gluten. Namenjena za sve kategorije i veličine pasa, a zbog prisustva tune i pirinča naročito je dobra za pse koji imaju problema sa alergijama i varenjem. Izbalansiran odnos fruktooligosaharida i mananooligosaharida sa prirodnim izvorom vitamina B grupe, omogućava odličan kvalitet dlake i maksimalno iskorišćenje hrane uz minimalno opterećenje unutrašnjih organa. Dovoljno visok i dobro izbalansiran energetski deo u kombinaciji sa krompirom, omega 6 i omega 3 masnim kiselinama naročito DHA pomaže u rešavanju problema gojaznosti, alergija i stresa.
Pakovanje: 15kg

Sastav: dehidrirana tuna 27%, pirinač 27%, ovas, hladno ceđena biljna ulja, pileća mast, riblje ulje, laneno seme 4%, repin rezanac, krompir, hidrolizovana jetra, pivski kvasac, sušena jabuka, inulin (ekstrakt cikorije), MOS (ekstrakt kvasca) i lecitin.","https://firebasestorage.googleapis.com/v0/b/web-shop-model.appspot.com/o/images%2F1741619480506-3D-Atlantic-oj1p.png?alt=media&token=16f991c1-110d-43a4-9061-052675219182"
"KInY7chtPcPaTBRiXB2m","Premil hrana za pse - Atlantic 2,5kg","Pet program","Hrana za kućne ljubimce","Premil","1","false","","Kompletna hrana za jačanje imuniteta pasa, za osetljive i pse podložne alergijama. Bogata potrebnim makro i mikro elementima i žitaricama koje ne sadrže gluten. Namenjena za sve kategorije i veličine pasa, a zbog prisustva tune i pirinča naročito je dobra za pse koji imaju problema sa alergijama i varenjem. Izbalansiran odnos fruktooligosaharida i mananooligosaharida sa prirodnim izvorom vitamina B grupe, omogućava odličan kvalitet dlake i maksimalno iskorišćenje hrane uz minimalno opterećenje unutrašnjih organa. Dovoljno visok i dobro izbalansiran energetski deo u kombinaciji sa krompirom, omega 6 i omega 3 masnim kiselinama naročito DHA pomaže u rešavanju problema gojaznosti, alergija i stresa.
Pakovanje: 2,5kg

Sastav: dehidrirana tuna 27%, pirinač 27%, ovas, hladno ceđena biljna ulja, pileća mast, riblje ulje, laneno seme 4%, repin rezanac, krompir, hidrolizovana jetra, pivski kvasac, sušena jabuka, inulin (ekstrakt cikorije), MOS (ekstrakt kvasca) i lecitin.","https://firebasestorage.googleapis.com/v0/b/web-shop-model.appspot.com/o/images%2F1741619399295-3D-Atlantic-oj1p.png?alt=media&token=2b18d7c0-729d-4356-9f1c-3a81ef7fc4b3"
"hnbFJ5rHQqu3KpfxNNjK","Premil hrana za pse - Atlantic 900gr","Pet program","Hrana za kućne ljubimce","Premil","1","false","","Kompletna hrana za jačanje imuniteta pasa, za osetljive i pse podložne alergijama. Bogata potrebnim makro i mikro elementima i žitaricama koje ne sadrže gluten. Namenjena za sve kategorije i veličine pasa, a zbog prisustva tune i pirinča naročito je dobra za pse koji imaju problema sa alergijama i varenjem. Izbalansiran odnos fruktooligosaharida i mananooligosaharida sa prirodnim izvorom vitamina B grupe, omogućava odličan kvalitet dlake i maksimalno iskorišćenje hrane uz minimalno opterećenje unutrašnjih organa. Dovoljno visok i dobro izbalansiran energetski deo u kombinaciji sa krompirom, omega 6 i omega 3 masnim kiselinama naročito DHA pomaže u rešavanju problema gojaznosti, alergija i stresa.
Pakovanje: 900gr

Sastav: dehidrirana tuna 27%, pirinač 27%, ovas, hladno ceđena biljna ulja, pileća mast, riblje ulje, laneno seme 4%, repin rezanac, krompir, hidrolizovana jetra, pivski kvasac, sušena jabuka, inulin (ekstrakt cikorije), MOS (ekstrakt kvasca) i lecitin.","https://firebasestorage.googleapis.com/v0/b/web-shop-model.appspot.com/o/images%2F1741619346701-3D-Atlantic-oj1p.png?alt=media&token=a227168d-10b7-40f5-90bc-d1882ba31378"
"EQRs5XzE100Ty5Rm8g6u","Premil hrana za pse - Junior 15kg","Pet program","Hrana za kućne ljubimce","Premil","1","false","","Kompletna hrana za štenad velikih rasa i veličina kao i za sve mlade pse. Bogata potrebnim makro i mikro elementima. Dobro izbalansiran aminokiselinski sastav sa kvalitetnim masnim kiselinama i prirodnim fruktooligosaharidima i mananooligosaharidima omogućava odličnu iskoristivost i svarljivost hrane. Pomaže u rastu i pravilnom formiranju kostiju. Prirodan odnos omega 6 i omega 3 masnih kiselina, naročito DHA smanjuje stres kod mladih pasa.
Pakovanje: 15kg

Sastav: dehidrirana piletina, ćuretina i tuna 31%, pirinač 20%, kukuruz, pileća mast, hladno ceđeno biljno ulje, riblje ulje, laneno seme 4%, repin rezanac, hidrolizovana jetra, pivski kvasac, inulin (ekstrakt cikorije), MOS (ekstrakt kvasca) i lecitin.","https://firebasestorage.googleapis.com/v0/b/web-shop-model.appspot.com/o/images%2F1741619616543-3D-Junior.png?alt=media&token=1c5fbfaf-b7e7-49c3-a161-ca81950cd74d"
"VMtX9DY97CbLp6e9YTDR","Premil hrana za pse - Junior 2,5kg","Pet program","Hrana za kućne ljubimce","Premil","1","false","","Kompletna hrana za štenad velikih rasa i veličina kao i za sve mlade pse. Bogata potrebnim makro i mikro elementima. Dobro izbalansiran aminokiselinski sastav sa kvalitetnim masnim kiselinama i prirodnim fruktooligosaharidima i mananooligosaharidima omogućava odličnu iskoristivost i svarljivost hrane. Pomaže u rastu i pravilnom formiranju kostiju. Prirodan odnos omega 6 i omega 3 masnih kiselina, naročito DHA smanjuje stres kod mladih pasa.
Pakovanje: 2,5kg

Sastav: dehidrirana piletina, ćuretina i tuna 31%, pirinač 20%, kukuruz, pileća mast, hladno ceđeno biljno ulje, riblje ulje, laneno seme 4%, repin rezanac, hidrolizovana jetra, pivski kvasac, inulin (ekstrakt cikorije), MOS (ekstrakt kvasca) i lecitin.","https://firebasestorage.googleapis.com/v0/b/web-shop-model.appspot.com/o/images%2F1741619574067-3D-Junior.png?alt=media&token=2c0eb188-367f-4c77-83a5-074652172f1d"
"ZNLBrByFGeNoP1B6Jdjs","Premil hrana za pse - Large 15kg","Pet program","Hrana za kućne ljubimce","Premil","1","false","","Kompletna hrana za odrasle pse srednjih i velikih rasa i veličina.Bogata potrebnim makro i mikro elementima namenjena odraslim srednje velikim, velikim i izrazito velikim psima. Obezbeđuje dovoljno kvalitetne energije za normalne i pojačane aktivnosti. Pogodna za takmičarske pse jer im smanjuje stres pri takmičenju. Utiče na dobar kvalitet dlake i doprinosi čvrstoći zglobova.
Pakovanje: 15kg

Sastav: dehidrirana piletina, ćuretina, pačetina i tuna 28%, pirinač 15%, kukuruz, hladno ceđena biljna ulja, pileća mast, laneno seme 5%, repin rezanac, pivski kvasac, hidrolizovana jetra, inulin (ekstrakt cikorije), MOS (ekstrakt kvasca), lecitin, hondroitin i glukozamin.","https://firebasestorage.googleapis.com/v0/b/web-shop-model.appspot.com/o/images%2F1741619763719-3D-Large.png?alt=media&token=a63214dc-fe55-40ca-bfe7-2c7a93bf1e93"
"W5UV70xENqYH7MpEserb","Premil hrana za pse - Large 2,5kg","Pet program","Hrana za kućne ljubimce","Premil","1","false","","Kompletna hrana za odrasle pse srednjih i velikih rasa i veličina.Bogata potrebnim makro i mikro elementima namenjena odraslim srednje velikim, velikim i izrazito velikim psima. Obezbeđuje dovoljno kvalitetne energije za normalne i pojačane aktivnosti. Pogodna za takmičarske pse jer im smanjuje stres pri takmičenju. Utiče na dobar kvalitet dlake i doprinosi čvrstoći zglobova.
Pakovanje: 2,5kg

Sastav: dehidrirana piletina, ćuretina, pačetina i tuna 28%, pirinač 15%, kukuruz, hladno ceđena biljna ulja, pileća mast, laneno seme 5%, repin rezanac, pivski kvasac, hidrolizovana jetra, inulin (ekstrakt cikorije), MOS (ekstrakt kvasca), lecitin, hondroitin i glukozamin.","https://firebasestorage.googleapis.com/v0/b/web-shop-model.appspot.com/o/images%2F1741619707979-3D-Large.png?alt=media&token=af3216b9-ea0a-40b8-bb5f-ba3a9571ebfa"
"sDfz71ouEGEAvwJXWb3m","Premil hrana za pse - Mini 15kg","Pet program","Hrana za kućne ljubimce","Premil","1","false","","Kompletna hrana za štenad i mlade pse malih i srednjih rasa i veličina, za štenad velikih rasa zaostalih u rastu kao i za aktivne odrasle pse malih rasa i veličina. Bogata potrebnim makro i mikro elementima kao i visoko i lako svarljivim proteinima dobijenih iz najkvalitetnijih mesa. Prirodni izvori omega 6 i omega 3 masnih kiselina naročito EPA i DHA, kao i vitamina B grupe omogućavaju pravilan rast pasa i izuzetan sjaj i viskozitet dlake i poddlake. Kod belih pasa ne menja boju dlake.
Pakovanje: 15kg

Sastav: dehidrirana ćuretina, pačetina i tuna 35%, pirinač 20%, kukuruz, pileća mast, hladno ceđeno biljno ulje, riblje ulje, laneno seme 5%, repin rezanac, pivski kvasac, hidrolizovana jetra, sušena jabuka, inulin (ekstrakt cikorije), MOS (ekstrakt kvasca) i lecitin.","https://firebasestorage.googleapis.com/v0/b/web-shop-model.appspot.com/o/images%2F1741620346600-3D-Mini.png?alt=media&token=618e27fc-303e-42c9-b94e-638dde269b20"
"Jc29b6eUUNRZY49Z3TDp","Premil hrana za pse - Mini 2,5kg","Pet program","Hrana za kućne ljubimce","Premil","1","false","","Kompletna hrana za štenad i mlade pse malih i srednjih rasa i veličina, za štenad velikih rasa zaostalih u rastu kao i za aktivne odrasle pse malih rasa i veličina. Bogata potrebnim makro i mikro elementima kao i visoko i lako svarljivim proteinima dobijenih iz najkvalitetnijih mesa. Prirodni izvori omega 6 i omega 3 masnih kiselina naročito EPA i DHA, kao i vitamina B grupe omogućavaju pravilan rast pasa i izuzetan sjaj i viskozitet dlake i poddlake. Kod belih pasa ne menja boju dlake.
Pakovanje: 2,5kg

Sastav: dehidrirana ćuretina, pačetina i tuna 35%, pirinač 20%, kukuruz, pileća mast, hladno ceđeno biljno ulje, riblje ulje, laneno seme 5%, repin rezanac, pivski kvasac, hidrolizovana jetra, sušena jabuka, inulin (ekstrakt cikorije), MOS (ekstrakt kvasca) i lecitin.","https://firebasestorage.googleapis.com/v0/b/web-shop-model.appspot.com/o/images%2F1741620300108-3D-Mini.png?alt=media&token=00ed1b72-b4a0-4c74-8374-dece9bc57ca7"
"oFGZ3X1GRRetm0LnE314","Premil hrana za pse - Mini 900gr","Pet program","Hrana za kućne ljubimce","Premil","1","false","","Kompletna hrana za štenad i mlade pse malih i srednjih rasa i veličina, za štenad velikih rasa zaostalih u rastu kao i za aktivne odrasle pse malih rasa i veličina. Bogata potrebnim makro i mikro elementima kao i visoko i lako svarljivim proteinima dobijenih iz najkvalitetnijih mesa. Prirodni izvori omega 6 i omega 3 masnih kiselina naročito EPA i DHA, kao i vitamina B grupe omogućavaju pravilan rast pasa i izuzetan sjaj i viskozitet dlake i poddlake. Kod belih pasa ne menja boju dlake.
Pakovanje: 900gr

Sastav: dehidrirana ćuretina, pačetina i tuna 35%, pirinač 20%, kukuruz, pileća mast, hladno ceđeno biljno ulje, riblje ulje, laneno seme 5%, repin rezanac, pivski kvasac, hidrolizovana jetra, sušena jabuka, inulin (ekstrakt cikorije), MOS (ekstrakt kvasca) i lecitin.","https://firebasestorage.googleapis.com/v0/b/web-shop-model.appspot.com/o/images%2F1741620244150-3D-Mini.png?alt=media&token=8d6a5359-abd0-4d16-a6bd-e10202e1138d"
"Ggaf6ZNYGy4ZeEKbpNj6","Promesa","Zaštita bilja","Fungicidi","Galenika Fitofarmacija","1","false","","Opis:
Sistemični fungicid sa protektivnim i kurativnim delovanjem za suzbijanje prouzrokovača bolesti u voćarstvu, vinogradarstvu, povrtarstvu i ratarstvu
Proizvođač:
GALENIKA-FITOFARMACIJA a.d.
Aktivne Materije:
Azoksistrobin
Formulacija:
koncentrovana suspenzija - SC
Delovanje:
Azoksistrobin je fungicid širokog spektra delovanja iz grupe strobilurina. Ima protektivno i kurativno delovanje, koje se ispoljava u sprečavanju klijanja spora, rastu micelije i sporulaciji, što se postiže inhibicijom transporta elektrona u respiratornom lancu. Nakon primene obezbeđuje kontaktno i sistemično delovanje transportovanjem sprovodnim sistemom ksilemom i dugotrajno delovanje na prouzrokovače bolesti.
Karenca:
3 dana - paradajz, plavi patlidžan, paprika
4 dana - krastavac, bundeva, tikva, tikvica, dinja, lubenica
7 dana - zelena salata, mrkva
10 dana - malina, jagoda, kupina, borovnica, ribizla
14 dana - krompir, grašak
21 dan - vinova loza
35 dana - pšenica
Koncentracija:
0,075%
0.75-1 l/ha
Primena:
paradajz, plavi patlidžan, paprika, krastavac, bundeva, tikva, tikvica, dinja, lubenica, zelena salata, mrkva, malina, jagoda, kupina, borovnica, ribizla, krompir, grašak, vinova loza, pšenica
Pakovanje:
50 ml, 200 ml, 1 l","https://firebasestorage.googleapis.com/v0/b/web-shop-model.appspot.com/o/images%2F1762518954334-promesa1.jpg?alt=media&token=d7ab79bf-a06a-4b4d-8467-527f2ca7f552"
"ERqmaP6GnAIiosjBltWW","Proteksol ","Garden oprema i alati","Oprema za navodnjavanje","Agritalia","1","false","","Proteksol je specijalan proizvod namenjen za rad u plastenicima.
Ključna prednost je da sprečava UV i IC zračenje biljaka u plasteniku kao i snižavanje temperature u plasteniku i do 10° C.
Povoljno utiče kako na biljke, tako I na ljude koji rade u plastenicima.
Povećava propustljivost svetlosti tokom tmurnog vremena i doprinosi
smanjenju stresa za biljke i povećanoj produktivnost, samim tim  donose veći i kvalitetniji prinos.
Opšta preporuka je 1 kg na 100 m² folije

Pakovanje 5kg","https://firebasestorage.googleapis.com/v0/b/web-shop-model.appspot.com/o/images%2F1764323405909-proteksol.jpg?alt=media&token=8a9a47ee-9e6b-4f81-882e-595e71d3f7b5"
"ccYRF4i2ydeaeVZCE6jD","Pylon","Zaštita bilja","Fungicidi","Galenika Fitofarmacija","1","false","","Opis:
Sistemični fungicid sa protektivnim i kurativnim delovanjem za suzbijanje prouzrokovača bolesti u voćarstvu, vinogradarstvu, povrtarstvu i ratarstvu
Proizvođač:
GALENIKA-FITOFARMACIJA a.d.
Aktivne Materije:
Azoksistrobin
Formulacija:
koncentrovana suspenzija - SC
Delovanje:
Azoksistrobin je fungicid širokog spektra delovanja iz grupe strobilurina. Ima protektivno i kurativno delovanje, koje se ispoljava u sprečavanju klijanja spora, rastu micelije i sporulaciji, što se postiže inhibicijom transporta elektrona u respiratornom lancu. Nakon primene obezbeđuje kontaktno i sistemično delovanje transportovanjem sprovodnim sistemom ksilemom i dugotrajno delovanje na prouzrokovače bolesti.
Karenca:
3 dana - paradajz, plavi patlidžan, paprika
4 dana - krastavac, bundeva, tikva, tikvica, dinja, lubenica
7 dana - zelena salata, mrkva
10 dana - malina, jagoda, kupina, borovnica, ribizla
14 dana - krompir, grašak
21 dan - vinova loza
35 dana - pšenica
Koncentracija:
0,075%
0.75-1 l/ha
Primena:
paradajz, plavi patlidžan, paprika, krastavac, bundeva, tikva, tikvica, dinja, lubenica, zelena salata, mrkva, malina, jagoda, kupina, borovnica, ribizla, krompir, grašak, vinova loza, pšenica
Pakovanje:
50 ml, 200 ml, 1 l","https://firebasestorage.googleapis.com/v0/b/web-shop-model.appspot.com/o/images%2F1762519173401-pylon1.jpg?alt=media&token=73b6785b-314e-45ca-9c3a-6de48d2a9714"
"2QK63ZmNYbCVq1H42erP","Pylon plus","Zaštita bilja","Fungicidi","Galenika Fitofarmacija","1","false","","Opis:
Sistemični fungicid sa protektivnim i kurativnim delovanjem namenjen za suzbijanje patogena u ratarstvu
Proizvođač:
GALENIKA-FITOFARMACIJA a.d.
Aktivne Materije:
Protiokonazol + azoksistrobin + trifloksistrobin
Formulacija:
koncentrovana suspenzija - SC
Delovanje:
Protiokonazol je aktivna supstanca iz hemijske grupe triazolintiona, a prema FRAC kodu svrstana je u grupu inhibitora sinteze ergosterola u biljnim ćelijama (G1), gde usled sprečavanja demetilacije u C-14 dolazi do kolapsa ćeijskog zida i letalnosti patogena. Aktivna supstanca se odlikuje sistemičnošću, ispoljava protektivno, kurativno i eradikativno delovanje. Biljke ga usvajaju lišćem i korenom, a u biljkama se kreće akropetalno. Ne postoji rizik od spiranja kišom jer se preparat brzo apsorbuje vegetativnim delovima biljke. Azoksistrobin je aktivna supstanca širokog spectra delovanja iz grupe strobilurina, podgrupe metoksi-akrilata (FRAC: C3). Ima protektivno i kurativno delovanje, koje se ispoljava u sprečavanju klijanja spora, rastu micelije i sporulaciji, što se postiže inhibicijom transporta elektrona u respiratornom lancu. Nakon primene obezbeđuje kontaktno i sistemično delovanje transportovanjem sprovodnim sistemom ksilemom i dugotrajno delovanje na prouzrokovače bolesti. Trifloskistrobin je aktivna supstanca koja ima širok spektar delovanja i pripada grupi stobilurina, podgrupi oksimino-acetata (FRAC: C3). Translaminarni je sistemik, koji deluje protektivno i eradikativno. Inhibira klijanje spora i porast micelije, a ispoljava i antisporulativno delovanje. Redistribuira se na povšini biljnih organa u gasnoj fazi. Izuzetno je otporan na spiranje kišom.
Karenca:
35 dana - pšenica
Koncentracija:
0,5-0,7 l/ha
Primena:
pšenica
Pakovanje
1 l","https://firebasestorage.googleapis.com/v0/b/web-shop-model.appspot.com/o/images%2F1762519311192-pylon%20plus.webp?alt=media&token=25924388-2479-43e6-bf31-654235d3c2ec"
"nVglU6EIaQhumxOBkY52","Radifarm","Ishrana bilja","Tečna đubriva i biostimulatori","Valagro","1","false","","OPIS:

RADIFARM je kompleks biljnih ekstrakata koji svojim delovanjem stimuliše stvaranje novog korena i povećava lateralno širenje istog. Obezbjeđuje brz oporavak od šokova izazvanih presađivanjem, smanjuje procenat uvenuća prilikom presađivanja, doprinosi ranijem i ujednačenijem razvoju biljke.

Sastav: ukupni azot 3% (organski N 1%, 2% kao N-NH2) , rastvorljivi kalijum oksid (K2O) 8%, organski ugljenik biološkog porekla 10%, cink u helatnom obliku 0,1%, vitamini, proteini, aminokiseline biljnog porekla, betaini, polisaharidi.

Formulacija: Tečnost

Metode primene: Fertirigacijom

PAKOVANJE: 1 l","https://firebasestorage.googleapis.com/v0/b/web-shop-model.appspot.com/o/images%2F1764233782041-radifarm.png?alt=media&token=9ba395c2-1167-4f77-9755-4ceffeff2478"
"uJf9w7X9Oqah1EvsR1DW","Rafal 120","Zaštita bilja","Herbicidi","Galenika Fitofarmacija","1","false","","Opis
Selektivni translokacioni herbicid za suzbijanje jednogodišnjih i višegodišnjih uskolisnih korova u velikom broju ratarskih i povrtarskih useva
Proizvođač
GALENIKA-FITOFARMACIJA a.d.
Aktivne Materije
Kletodim
Formulacija
koncentrat za emulziju - EC
Delovanje
Rafal 120 je selektivni, translokacioni herbicid na bazi aktivne supstance kletodim iz grupe cikloheksandiona. Jedan sat nakon tretmana herbicid se u potpunosti usvaja sa lisne površine, translocira se i nakuplja u meristemskom tkivu. U ćelijama inhibira aktivnost enzima odgovornih za sintezu lipida, koji učestvuju u izgradnji ćelijskih membrana. Iz tog razloga dolazi do nekontrolisane popustljivosti membrana, zaustavljanja deobe ćelija i propadanja biljnog tkiva. Spada među najselektivnije herbicide iz grupe ""graminicida"" u odnosu na gajene širokolisne useve.
Karenca
Obezbeđena vremenom primene - suncokret, soja, šećerna repa, lucerka, krompir
30 dana - mrkva, crni luk, beli luk, grašak, pasulj, paprika, paradajz, dinja, lubenica, krastavac, kupus
Koncentracija
0,8-2 l/ha
Primena
soja, suncokret, šećerna repa, krompir, mrkva, crni luk, beli luk, grašak, paprika, paradajz, dinja, lubenica, krastavac, kupus, lucerka, pasulj
Pakovanje
100 ml, 1 l, 5 l","https://firebasestorage.googleapis.com/v0/b/web-shop-model.appspot.com/o/images%2F1762510858836-rafal-1201.jpg?alt=media&token=d838d0c2-13b8-4197-a80f-c0cc7b3aafec"
"tjSrmmSXREgmcPlOnXRn","Rampa EC","Zaštita bilja","Herbicidi","Galenika Fitofarmacija","1","false","","Opis
Selektivni herbicid za suzbijanje jednogodišnjih uskolisnih i širokolisnih korova u usevima soje i uljane repice
Proizvođač
GALENIKA-FITOFARMACIJA a.d.
Aktivne Materije
Klomazon
Formulacija
koncentrat za emulziju - EC
Delovanje
Rampa EC je translokacioni herbicid koji sadrži aktivnu supstancu klomazon. Inhibira biosintezu karotenoida i remeti procese fotosinteze. Rampa EC izaziva folijarno izbeljivanje tretiranih korova, a korovi koji niču kroz herbicidni sloj zemljišta su u potpunosti depigmentisani i brzo nekrotiraju. Rampa EC ima izraženu perzistentnost koja direktno zavisi od količine primene i ima dugotrajno zemljišno delovanje na korove.
Karenca
Obezbeđena vremenom primene - soja, uljana repica
Koncentracija
0,2-0,3 l/ha
0,75 l/ha
Primena
soja, uljana repica
Pakovanje
200 ml, 1 l","https://firebasestorage.googleapis.com/v0/b/web-shop-model.appspot.com/o/images%2F1762511037981-rampa-ec1.jpg?alt=media&token=680816db-6084-4a7f-a88f-d194f64701fb"
"TiCa4jgCl1zebogXmq4i","Rezon","Zaštita bilja","Herbicidi","Galenika Fitofarmacija","1","false","","Opis
Selektivni translokacioni herbicid za suzbijanje jednogodišnjih širokolisnih korova u usevima kukuruza i suncokreta
Proizvođač
GALENIKA-FITOFARMACIJA a.d.
Aktivne Materije
Terbutilazin
Formulacija
koncentrovana suspenzija - SC
Delovanje
Terbutilazin je selektivni translokacioni herbicid iz grupe triazina. Biljke ga usvajaju korenom i translociraju u stablo i listove. U korovskim biljkama dovodi do inhibicije fotosinteze prekidanjem fiksacije CO2 i produkcije ATP i NADPH2. Svoje delovanje ispoljava u vidu hloroze i nekroze listova.
Karenca
Obezbeđena vremenom primene - kukuruz (merkantilni i silažni), suncokret
Koncentracija
1,5 l/ha
Primena
kukuruz, suncokret
Pakovanje
1 l, 10 l","https://firebasestorage.googleapis.com/v0/b/web-shop-model.appspot.com/o/images%2F1762511480648-rezon1.jpg?alt=media&token=e8d66770-226a-4f6f-9c1c-fbe9369dd937"
"TYupL6NuDuqOnmJ9TbIf","Salata Genesis","Seme i sadnice","Seme povrtarskih kultura","Bejo Zaden","1","false","","Sorta puterice, prvenstveno namenjena za gajenje u plastenicima.

Glavice su kompaktne i čvrste, srednje krupne i dugo zadržavaju svežinu.

Jedna od najpopularnijih salata puterica u našem asortimanu.

Dodatne informacije:
Proizvođač
Bejo Zaden

Težina glavice
400-600 gr

Vreme sadnje:
jesen, zima, proleće","https://firebasestorage.googleapis.com/v0/b/web-shop-model.appspot.com/o/images%2F1762522402462-genesis.jpg?alt=media&token=50b3036c-9bdc-478f-abb5-b8d7e198501a | https://firebasestorage.googleapis.com/v0/b/web-shop-model.appspot.com/o/images%2F1762522403594-genesis%202.jpeg?alt=media&token=cb08dea6-b83a-4e23-8f42-b9a279eefb63"
"Mlpc31A9DH3v6FeZLzv2","Sekvenca","Zaštita bilja","Fungicidi","Galenika Fitofarmacija","1","false","","Opis:
Sistemični fungicid sa protektivnim, kurativnim i eradikativnim delovanjem za suzbijanje prouzrokovača bolesti u voćarstvu, vinogradarstvu, povrtarstvu i ratarstvu
Proizvođač:
GALENIKA-FITOFARMACIJA a.d.
Aktivne Materije:
Difenokonazol
Formulacija:
koncentrat za emulziju - EC
Delovanje:
Mehanizam delovanja Sekvence je u inhibiciji enzima koji imaju ulogu u sintezi ergosterola, što dovodi do nekontrolisanog rasta gljiva i njihovog uginuća. Primenjuje se preventivno i u ranim postinfekcionim tretmanima, nakon klijanja gljive na biljnoj površini kada zaustavlja infekciju. Preporučuje se preventivna primena ili na samom početku infekcionog procesa.
Karenca:
7 dana - paradajz, plavi patlidžan, paprika
14 dana - krompir, šećerna repa, peršun, mrkva, celer, paštrnak, dunja, malina, kupina
21 dan - vinova loza
28 dana - jabuka, kruška, cvekla
obezbeđena vremenom primene - višnja, šljiva, kajsija, borovnica
Koncentracija:
0,012-0,03 %
0,13-0,6 l/ha
Primena:
jabuka, kruška, dunja, višnja, šljiva, kajsija, borovnica, malina, kupina, vinova loza, krompir, paradajz, plavi patlidžan, paprika šećerna repa, cvekla, mrkva, peršun (list), celer, paštrnak
Pakovanje
50 ml, 200 ml, 1 l","https://firebasestorage.googleapis.com/v0/b/web-shop-model.appspot.com/o/images%2F1762519604100-sekvenca.webp?alt=media&token=dc2371ff-d66d-4367-9081-f135f78089dc"
"SCIPQEBP2kcwdtJO1ttL","Skaut","Zaštita bilja","Herbicidi","Galenika Fitofarmacija","1","false","","Opis
Selektivni sistemični herbicid za suzbijanje jednogodišnjih širokolisnih korova u usevu kukuruza
Proizvođač
GALENIKA-FITOFARMACIJA a.d.
Aktivne Materije
Mezotrion
Formulacija
koncentrovana suspenzija - SC
Delovanje
Skaut je visoko selektivni herbicid koji sadrži aktivnu supstancu mezotrion iz grupe triketona. Korovske biljke ga većinom usvajaju preko lista i preko korena i translociraju ksilemom i floemom. U tkivu inhibira sintezu karotenoida, koji apsorbuju deo određenog spektra svetlosti i štite hlorofil od fotooksidacije. Skaut svojim delovanjem indirektno izaziva razgradnju hlorofila i neposredno izbeljivanje i nekrozu tretiranih korova.
Karenca
Obezbeđena vremenom primene - kukuruz
Koncentracija
0,15-0,25 l/ha + 0.5% Alteox Wet 40
Primena
kukuruz
Pakovanje
250 ml, 1 l","https://firebasestorage.googleapis.com/v0/b/web-shop-model.appspot.com/o/images%2F1762511689712-skaut1.jpg?alt=media&token=2240dbb5-73c2-4b8d-a520-c658855d57c9"
"b4astX78JDGwyuqn0Bjh","Spektrum","Zaštita bilja","Herbicidi","Galenika Fitofarmacija","1","false","","Opis
Selektivni translokacioni herbicid za suzbijanje jednogodišnjih i višegodišnjih uskolisni korova u ratarstvu, povrtarstvu i voćarstvu
Proizvođač
GALENIKA-FITOFARMACIJA a.d.
Aktivne Materije
Fluazifop-p-butil
Formulacija
koncentrat za emulziju - EC
Delovanje
Fluazifop-p-butil pripada grupi ariloksifenoksi propionata. Spada među najefikasnije graminicide za suzbijanje uskolisnih korova. Nakon tretmana vrlo brzo se usvaja i translocira do tkiva zaduženih za vegetativni porast. Inhibira enzime koji su zaduženi za sintezu lipida i vrlo brzo posle tretiranja zaustavlja porast korova. Simptomi delovanja herbicida vidljivi su nakon par dana, a do potpunog propadanja korova dolazi nakon 14-21 dan. Spektrum je veoma selektivan i bezbedan po gajene useve u kojima se se primenjuje.
Karenca
28 dana - voće
42 dana - krompir
45 dana - malina, kupina
49 dana - crni luk
70 dana - šećerna repa
90 dana - borovnica
obezbeđena vremenom primene - suncokret, soja
Koncentracija
0,8-1,3 l/ha
1,5-2,5 l/ha
Primena
jabuka, kruška, dunja, malina, kupina, borovnica, šećerna repa, suncokret, soja, krompir, crni luk
Pakovanje
1 l, 5 l","https://firebasestorage.googleapis.com/v0/b/web-shop-model.appspot.com/o/images%2F1762511942066-spektrum..1.jpg?alt=media&token=2a5cb142-ba30-49bf-8ac1-cbb70eca28c5"
"lpHD6fj6eo76v4SCnGdq","Talent","Zaštita bilja","Insekticidi","Galenika Fitofarmacija","1","false","","Opis
Insekticid sa sistemičnim i translaminarnim delovanjem, namenjen za suzbijanje biljnih vaši u voćarstvu i povrtarstvu.
Proizvođač
GALENIKA-FITOFARMACIJA a.d.
Aktivne Materije
Flonikamid
Formulacija
vododisperzibilne granule - WG
Delovanje
Flonikamid je insekticid sa kontaktnim i digestivnim delovanjem koji pripada grupi piridimkarboksamida. Pripada grupi modulatora hordotonalnih organa kod insekata (IRAC: 29). Delovanjem na hordotonalne (čulne) organe, dolazi do dezorijentacije insekata, pri čemu stilet postaje nefunkcionalan, prestaje ishrana i dolazi do uginuća nakon nekoliko dana usled izgladnjivanja (,,anti-feeding’’). Specifičan mehanizam delovanja onemogućava razvoj ukrštene rezistentnosti sa insekticidima za istu namenu. U biljkama se kreće translaminarno i akropetalno. Jedan sat od usvlajanja pokazuje kontaktno i digestivno delovanje, a nakon dva do pet dana dolazi do uginuća štetnog insekta usled izgladnjivanja.
Karenca
1 dan - paradajz
5 dana - paprika
14 dana - višnja
21 dan - jabuka, dunja, breskva
Koncentracija
0,06-0,14 kg/ha
Primena
paradajz, paprika, višnja, jabuka, dunja, breskva
Pakovanje
1,4 g, 14 g, 140 g","https://firebasestorage.googleapis.com/v0/b/web-shop-model.appspot.com/o/images%2F1762507099065-talent1.jpg?alt=media&token=edfa8203-0310-4056-8d2b-be4964b0db85"
"pCgxibiNF3sJW2MOnlxx","Talisman ","Zaštita bilja","Herbicidi","Galenika Fitofarmacija","1","false","","Opis
Selektivni herbicid za suzbijanje jednogodišnjih i višegodišnjih uskolisnih i nekih širokolisnih korova u usevu kukuruza
Proizvođač
GALENIKA-FITOFARMACIJA a.d.
Aktivne Materije
Nikosulfuron
Formulacija
koncetrovana uljna suspenzija - OD
Delovanje
Talisman je selektivni, translokacioni herbicid koji sadrži aktivnu supstancu nikosulfuron iz hemijske grupe sulfonilurea. Korovi ga usvajaju preko lisne mase i korena (ukoliko ima dovoljno vlage u zemljištu), nakon čega se brzo translocira ksilemom i floemom. Sprečavajući proces obrazovanja acetolaktat sintetaze, ova aktivna supstanca prouzrokuje inhibiciju aminokiselina valin i izoleucin, a potom stopira deobu ćelija. Kod uskolisnih korova dolazi do pojave crvenila i nekroze, a kod osetljivih širokolisnih korova do zadebljanja i deformacije meristemskog tkiva.
Karenca
Obezbeđena vremenom primene - kukuruz
Koncentracija
1-1,25 l/ha
Primena
kukuruz merkantilni i silažni
Pakovanje
300 ml, 1 l, 10 l","https://firebasestorage.googleapis.com/v0/b/web-shop-model.appspot.com/o/images%2F1762512178337-Talisman-Herbicid-4.jpg?alt=media&token=6fde3063-1881-4fd0-9b43-77c3522a2cd8"
"Q5qqOUFPcoXFVhVsDt2Z","Tekton","Zaštita bilja","Insekticidi","Galenika Fitofarmacija","1","false","","Opis
Insekticid za suzbijanje zemljišnih štetočina u ratarstvu i povrtarstvu
Proizvođač
GALENIKA-FITOFARMACIJA a.d.
Aktivne Materije
Teflutrin
Formulacija
granule - GR
Delovanje
Tekton je granulisani insekticid koji sadrži aktivnu supstancu teflutrin, koja spada u najnoviju grupu piretroida III generacije. Upotrebljava se za kontrolu zemljišnih štetočina iz različitih familija insekata. Ispoljava izvanredno kontaktno i respiratorno delovanje. Zbog svoje isparljivosti karakteriše ga i izvesno repelentno delovanje na insekte u zemljištu i u površinskim slojevima. Dugotrajno delovanje insekticida Tekton obezbeđuje zaštitu semena i mladih biljaka od najznačajnijih štetočina.
Karenca
Obezbeđena vremenom primene - šećerna repa, suncokret, kukuruz, mrkva, celer, peršun
Koncentracija
5-10 kg/ha
Primena
šećerna repa, suncokret, kukuruz, mrkva, peršun, celer
Pakovanje
250 g, 1 kg, 20 kg","https://firebasestorage.googleapis.com/v0/b/web-shop-model.appspot.com/o/images%2F1762507679471-tekton1.jpg?alt=media&token=1bedc166-7b33-4bc8-bcb6-c2e9cc4ad358"
"tyQPTA2xkm9dtkNyk74r","Test 1/1","Ishrana bilja","Tečna đubriva i biostimulatori","Kimitec","3000","true","2800","asdasd","https://firebasestorage.googleapis.com/v0/b/web-shop-model.appspot.com/o/images%2F1741444456475-DALL%C2%B7E%202024-11-16%2017.24.43%20-%20A%20professional%20and%20modern%20icon%20illustration%20of%20a%20pesticide%20bottle%2C%20featuring%20a%20sleek%20design%20with%20a%20prominent%20green%20color%20(%2354C143).%20The%20bottle%20has%20a%20r.webp?alt=media&token=3572c6d0-7424-4cab-ad1c-fff74555aff6"
"MVFmLJDo9vDT79Z4DLgm","Test 250ml","Zaštita bilja","Herbicidi","Bayer","1500","true","998","asdasd","https://firebasestorage.googleapis.com/v0/b/web-shop-model.appspot.com/o/images%2F1741444498623-DALL%C2%B7E%202024-11-16%2017.17.45%20-%20A%20professional%20and%20modern%20icon%20illustration%20of%20a%20pesticide%20bottle%2C%20featuring%20a%20sleek%20design%20with%20a%20prominent%20green%20color%20(%2354C143).%20The%20bottle%20has%20a%20r.webp?alt=media&token=19e6cd53-0069-42c4-b185-cee4baec269a"
"EOoXYbeHlFpFsX6BUqpl","Test proizvod","Seme i sadnice","Seme ratarskih kultura","KSW","2000","true","1500","asd","https://firebasestorage.googleapis.com/v0/b/web-shop-model.appspot.com/o/images%2F1741443834931-meal.jpg?alt=media&token=bcd15e1c-e6ea-4f92-aeff-73c679ca5e80"
"Me2iEK0oy15NeTDrOjj7","Test proizvod za akciju","Zaštita bilja","Fungicidi","Bayer","1500","true","1300","Mucak","https://firebasestorage.googleapis.com/v0/b/web-shop-model.appspot.com/o/images%2F1741443781807-DALL%C2%B7E%202024-11-16%2017.21.36%20-%20A%20professional%20and%20modern%20icon%20illustration%20of%20a%20pesticide%20bottle%2C%20featuring%20a%20sleek%20design%20with%20a%20prominent%20green%20color%20(%2354C143).%20The%20bottle%20has%20a%20r.webp?alt=media&token=9726ad8d-dfc7-4fa4-89d8-393c4601e1ab"
"RoW487SbLPAXzsqrQQvb","Tezis","Zaštita bilja","Herbicidi","Galenika Fitofarmacija","1","false","","Opis
Translokacioni herbicid za suzbijanje širokolisnih korova u pšenici i ječmu
Proizvođač
GALENIKA-FITOFARMACIJA a.d.
Aktivne Materije
Metsulfuron - metil
Formulacija
vododisperzibilne granule - WG
Delovanje
Metsulfuron - metil je selektivni, translokacioni herbicid. Usvaja se lišćem i korenom. Kreće se naniže i naviše u biljci. Inhibira acetolaktat sintetazu (ALS), čime se sprečava sinteza razgranatih amino kiselina (valin, leucin, izoleucin).
Karenca
Obezbeđena vremenom primene - pšenica, ječam
Koncentracija
10 g/ha
Primena
pšenica, ječam
Pakovanje
10 g","https://firebasestorage.googleapis.com/v0/b/web-shop-model.appspot.com/o/images%2F1762512339700-tezis1.jpg?alt=media&token=f6f022e4-8c2c-4fa9-8979-02285bda280b"
"ncRccFCdD7bOTqahH1o6","Tonus","Zaštita bilja","Insekticidi","Galenika Fitofarmacija","1","false","","Opis
Sistemični insekticid širokog spektra delovanja za suzbijanje štetočina u povrtarstvu, voćarstvu i duvanu.
Proizvođač
GALENIKA-FITOFARMACIJA a.d.
Aktivne Materije
Acetamiprid
Formulacija
vodorastvorljivo prašivo - SP
Delovanje
Kao i ostali neurotoksični insekticidi iz hemijske grupe neonikotinoida i acetamiprid deluje kontaktno i digestivno. Način delovanja neonikotinoida je sličan delovanju prirodnog nikotina. Selektivno se vezuju i reaguju sa nikotinskim acetilholin receptorima insekata prouzrokujući prekid procesa prenošenja nervnih impulsa, što u krajnjem ishodu dovodi do njihovog uginuća. Zbog specifičnog mehanizma delovanja suzbija insekte rezistentne na organofosforne insekticide. Sa stanovišta neposredne primene, vrlo povoljne fizičko-hemijske osobine ove aktivne supstance utiču na njegovo izrazito usvajanje i translaminarno kretanje u biljci. Budući da neonikotinoidi blokiraju specifični nervni put koji je znatno zastupljeniji kod insekata nego kod životinja, ovi insekticidi imaju izrazito povoljne toksikološke osobine za sisare.
Karenca
3 dana - tikva, bundeva, tikvica, dinja, lubenica
7 dana - plavi patlidžan, blitva, zelje, rukola, radič, matovilac, karfiol, brokoli, prokelj
14 dana - krompir, kupus, duvan, paprika, crni luk, višnja, boranija, pasulj, bob, grašak, stočni grašak, breskva, kajsija, malina, jagoda
28 dana - leska, jabuka, lucerka
Koncentracija
0,125-0,4 kg/ha
0.02-0.025%
Primena
višnja, breskva, kajsija, malina, jagoda, leska, jabuka, krompir, kupus, duvan, paprika, boranija, pasulj, bob, grašak, stočni grašak, crni luk, lucerka, tikva, bundeva, tikvica, dinja, lubenica, plavi patlidžan, zelje, rukola, radič, matovilac, karfiol, brokoli, prokelj
Pakovanje
2,5 g, 25 g, 100 g, 250 g, 1 kg","https://firebasestorage.googleapis.com/v0/b/web-shop-model.appspot.com/o/images%2F1762507889631-tonus1.jpg?alt=media&token=aa19373c-d386-4d70-ba25-029b8b43ba6c"
"FXjUxQXdJGHkb6V3Z1pC","Traper","Zaštita bilja","Insekticidi","Galenika Fitofarmacija","1","false","","Opis
Sistemični insekticid, sa kontaktnim i digestivnim delovanjem, namenjen za suzbijanje štetočina u voćarstvu i povrtarstvu.
Proizvođač
GALENIKA-FITOFARMACIJA a.d.
Aktivne Materije
Spinosad
Formulacija
koncentrovana suspenzija - SC
Delovanje
Spinosad je ograničeni sistemični insekticid sa translaminarim kretanjem koji spada u grupu spinosina (IRAC: 5). Spinosini su alosterični modulatori nikotinskog receptora za acetilholin. Spinosad aktivira nikotinski receptor za acetilholin vezujući se na mestu različitom u odnosu na mesto vezivanja insekticida iz grupe neonikotinoida. Kao posledica ekscitacije u neuronu u centralnom nervnom sistemu dolazi do nepovoljnih kontrakcija i podrhtavanja mišića insekata. Spinosad je biopesticid koji predstavlja mešavinu Spinosina A i Spinosina D, a nastaje kao metabolički produkt zemljišne bakterije Saccharopolyspora spinosa. Deluje kontaktno i digestivno na štetne insekte.
Karenca
3 dana - malina, krastavac u zaštićenom prostoru
7 dana - jabuka, paprika u zaštićenom prostoru
14 dana - krompir
Koncentracija
0,05-0,5 l/ha
0,03-0,05%
Primena
jabuka, malina, krompir, paprika u zaštićenom prostoru, krastavac u zaštićnom prostoru
Pakovanje
50 ml, 1 l","https://firebasestorage.googleapis.com/v0/b/web-shop-model.appspot.com/o/images%2F1762508181697-traper1.jpg?alt=media&token=7bf4f002-18d2-484e-9121-bfd37e1cd26d"
"ZHNbmtc7xXciIDHkdIS0","Triton","Zaštita bilja","Insekticidi","Galenika Fitofarmacija","1","false","","Opis
Nesistemični, digestivni insekticid za suzbijanje štetočina u voćarstvu i povrtarstvu
Proizvođač
GALENIKA-FITOFARMACIJA a.d.
Aktivne Materije
Emamektin benzoat
Formulacija
koncentrat za emulziju - EC
Delovanje
Emamektin benzoat je insekticid sa novim mehanizmom delovanja i izuzetno jakog delovanja na insekte iz reda Lepidoptera. Ujedno poseduje i visoku selektivnost na korisne insekte, pa se može koristiti u merama integralne zaštite. Emamektin je derivat abamektina, koji je izolovan fermentacijom iz gljiva Streptomyces avermitilis. Deluje kontaktno i digestijom. Mehanizam delovanja je jedinstven, stimuliše lučenje ɣ- aminobuterne kiseline koja inhibira neurotransmitere što dovodi do paralize insekta i njegovog uginuća. Ima dobru translaminarnu aktivnost, dok depozit na površini lista ima kratko vreme poluraspada. Nakon aplikacije do paralize dolazi za 2-4h, a do smrti za 2-4 dana.
Karenca
3 dana - paradajz, plavi patlidžan, paprika, kupus
7 dana - jabuka, dunja, breskva, kajsija, šljiva
Koncentracija
0,25-0,3 % + 0,25% mineralnog ulja
1,5-2,5 l/ha
Primena
paradajz, plavi patlidžan, paprika, kupus, jabuka, dunja, breskva, kajsija, šljiva
Pakovanje
250 ml, 1 l","https://firebasestorage.googleapis.com/v0/b/web-shop-model.appspot.com/o/images%2F1762508418259-triton1.jpg?alt=media&token=02ceeddf-fac5-412c-b422-085bf4258f03"
"rS2kDsqHTeKyhWh8ZaNG","Velton WG","Zaštita bilja","Herbicidi","Galenika Fitofarmacija","1","false","","Opis
Selektivni translokacioni herbicid za suzbijanje jednogodišnjih širokolisnih korova u usevu soje, krompira, paradajza i lucerke
Proizvođač
GALENIKA-FITOFARMACIJA a.d.
Aktivne Materije
Metribuzin
Formulacija
vododisperzibilne granule - WG
Delovanje
Velton WG je selektivni, translokacioni herbicid koji sadrži aktivnu supstancu metribuzin iz grupe 1,2,4-triazinona. Svojim delovanjem remeti procese fotosinteze kod osetljivih korovskih biljaka. Nakon aplikacije se usvaja korenom i listom i transportuje u nadzemne delove biljke. Poseduje slabiju vertikalnu pokretljivost u zemljištu što mu obezbeđuje dugotrajno delovanje.
Karenca
42 dana - krompir, paradajz
Obezbeđena vremenom primene - soja, lucerka
Koncentracija
0,5-1,5 kg/ha
Primena
soja, krompir, paradajz, lucerka
Pakovanje
100 g, 500 g","https://firebasestorage.googleapis.com/v0/b/web-shop-model.appspot.com/o/images%2F1762512519139-amb_velton_wg_b.jpg?alt=media&token=600fe780-0747-4e2d-b8d4-dbb48623b518"
"vQZaWRdQgCntLva1dbK5","Wendy hrana za mačke - Konzerva sa lososom 400gr","Pet program","Hrana za kućne ljubimce","Gebi","1","false","","WENDY konzerva je vlažna hrana za ishranu mačaka svih rasa, uzrasnih kategorija i fizioloških stanja. Hrana je napravljena od pažljivo biranih sastojaka vrhunskog kvaliteta i obezbeđuje vašem ljubimcu kompletan obrok. Sadrži sve vitamine i minerale neophodne za pravilnu i izbalansiranu ishranu. Mačke je vrlo rado konzumiraju. Zbog dobre svarljivosti, preporučuje se kod mačaka sa slabijim apetitom, kao i onih koji su pod stresom različite prirode. Može se koristiti i kao dodatak suvoj hrani.
Dostupno u pakovanju: 400 g

Saveti za upotrebu
WENDY konzerve se koristi posebno ili u kombinaciji sa drugom hranom. Hrana je najukusnija na sobnoj temperaturu, 20 – 25o C. Ako ljubimac do sad nije konzumirao WENDY hranu iz konzerve, treba je dozirati postepeno, povećavajući količinu svakog dana. Period privikavanja na WENDY hranu iz konzerve treba da traje najmanje 7 dana. U ovom periodu vašem ljubimcu treba davati hranu koju je prethodno jeo i WENDY hranu iz konzerve, tako da se postepeno povećava učešće WENDY hrane iz konzerve u obroku mačke. Nakona otvaranja WENDY konzerve, čuvati je na hladnom i tamnom mestu najviše 3 dana! Održavajte higijenu posuda iz kojih Vaš ljubimac konzumira hranu i vodu. Redovno kontrolišite zdravstveno stanje ljubimca kod veterinara.


Sirovinski sastav: meso i mesne prerađevine, žitarice, ekstrakt biljnih proteina, minerali, vitamini.","https://firebasestorage.googleapis.com/v0/b/web-shop-model.appspot.com/o/images%2F1741594147698-wendy-konzerva-losos.png?alt=media&token=7982fe93-8de0-4bc9-b487-029d1de5b17a"
"ps7m9c9AiDUikRQYgofx","Wendy hrana za mačke - Konzerva sa piletinom 400gr","Pet program","Hrana za kućne ljubimce","Gebi","1","false","","WENDY konzerva je vlažna hrana za ishranu mačaka svih rasa, uzrasnih kategorija i fizioloških stanja. Hrana je napravljena od pažljivo biranih sastojaka vrhunskog kvaliteta i obezbeđuje vašem ljubimcu kompletan obrok. Sadrži sve vitamine i minerale neophodne za pravilnu i izbalansiranu ishranu. Mačke je vrlo rado konzumiraju. Zbog dobre svarljivosti, preporučuje se kod mačaka sa slabijim apetitom, kao i onih koji su pod stresom različite prirode. Može se koristiti i kao dodatak suvoj hrani.
Dostupno u pakovanju: 400 g

Saveti za upotrebu
WENDY konzerve se koristi posebno ili u kombinaciji sa drugom hranom. Hrana je najukusnija na sobnoj temperaturu, 20 – 25o C. Ako ljubimac do sad nije konzumirao WENDY hranu iz konzerve, treba je dozirati postepeno, povećavajući količinu svakog dana. Period privikavanja na WENDY hranu iz konzerve treba da traje najmanje 7 dana. U ovom periodu vašem ljubimcu treba davati hranu koju je prethodno jeo i WENDY hranu iz konzerve, tako da se postepeno povećava učešće WENDY hrane iz konzerve u obroku mačke. Nakona otvaranja WENDY konzerve, čuvati je na hladnom i tamnom mestu najviše 3 dana! Održavajte higijenu posuda iz kojih Vaš ljubimac konzumira hranu i vodu. Redovno kontrolišite zdravstveno stanje ljubimca kod veterinara.


Sirovinski sastav: meso i mesne prerađevine, žitarice, ekstrakt biljnih proteina, minerali, vitamini.","https://firebasestorage.googleapis.com/v0/b/web-shop-model.appspot.com/o/images%2F1741594223145-wendy-konzerva-piletina.png?alt=media&token=80b69b35-c6f5-499a-bc46-7966e57fbbde"
"GHgEpxAa97UGeGp1oQz5","Wendy hrana za mačke - Sensitive indoor 10kg","Pet program","Hrana za kućne ljubimce","Gebi","1","false","","WENDY je potpuna hrana sa ukusom ribe i ćuretine namenjena za ishranu mačaka svih rasa i kategorija uzrasta, a naročito onih sa osetljivijim sistemom za varenje. WENDY obezbeđuje vašem ljubimcu potpunu i uravnoteženu ishranu. Hrana je napravljena od pažljivo biranih sastojaka vrhunskog kvaliteta, a formula prilagođena nutritivnim potrebama mačaka. Sadrži sve vitamine i minerale neophodne za pravilnu i izbalansiranu ishranu.
Taurin je jedan od neophodnih sastojaka u ishrani mačaka, kojeg njen organizam ne može sam sintetisati. Ima vrlo važne uloge u organizmu, kao što su održavanje funkcije srca i očiju, mozga i nervnog sistema, imunog sistema, reprodukcije ženki i pravilnog varenja. Iz tog razloga taurin je sastavni deo WENDY hrane za mačke, kako bi pomogao vašem ljubimcu u održavanju svih vitalnih funkcija. WENDY obezbeđuje vašem ljubimcu dobro zdravlje, pomaže u održavanju lepe i sjajne dlake.
Pakovanje: 10kg

Saveti za upotrebu
WENDY hrana se koristi u suvom ili u nakvašenom stanju, posebno ili u kombinaciji sa drugom hranom. Ako se dozira u suvom stanju, vašem ljubimcu obezbedite uvek svežu vodu za piće.
Ako ljubimac do sad nije konzumirao WENDY potpunu hranu, treba je dozirati postepeno, povećavajući količinu svakog dana. Period privikavanja na WENDY potpunu hranu treba da traje najmanje 7 dana.
U ovom periodu Vašem ljubimcu treba davati hranu koju je prethodno jeo i WENDY, tako da se postepeno povećava učešće WENDY-a u obroku vašeg ljubimca.
Održavajte higijenu posuda iz kojih Vaš ljubimac konzumira hranu i vodu. Redovno kontrolišite zdravstveno stanje ljubimca kod veterinara.","https://firebasestorage.googleapis.com/v0/b/web-shop-model.appspot.com/o/images%2F1741594062621-Wendy-sensitive.png?alt=media&token=12daec7d-89f9-4f6e-bce7-f8287840add6"
"XWT6cbqR6cdfjVL0dOFj","Wendy hrana za mačke - Sensitive indoor 1kg","Pet program","Hrana za kućne ljubimce","Gebi","1","false","","WENDY je potpuna hrana sa ukusom ribe i ćuretine namenjena za ishranu mačaka svih rasa i kategorija uzrasta, a naročito onih sa osetljivijim sistemom za varenje. WENDY obezbeđuje vašem ljubimcu potpunu i uravnoteženu ishranu. Hrana je napravljena od pažljivo biranih sastojaka vrhunskog kvaliteta, a formula prilagođena nutritivnim potrebama mačaka. Sadrži sve vitamine i minerale neophodne za pravilnu i izbalansiranu ishranu.
Taurin je jedan od neophodnih sastojaka u ishrani mačaka, kojeg njen organizam ne može sam sintetisati. Ima vrlo važne uloge u organizmu, kao što su održavanje funkcije srca i očiju, mozga i nervnog sistema, imunog sistema, reprodukcije ženki i pravilnog varenja. Iz tog razloga taurin je sastavni deo WENDY hrane za mačke, kako bi pomogao vašem ljubimcu u održavanju svih vitalnih funkcija. WENDY obezbeđuje vašem ljubimcu dobro zdravlje, pomaže u održavanju lepe i sjajne dlake.
Pakovanje: 1kg

Saveti za upotrebu
WENDY hrana se koristi u suvom ili u nakvašenom stanju, posebno ili u kombinaciji sa drugom hranom. Ako se dozira u suvom stanju, vašem ljubimcu obezbedite uvek svežu vodu za piće.
Ako ljubimac do sad nije konzumirao WENDY potpunu hranu, treba je dozirati postepeno, povećavajući količinu svakog dana. Period privikavanja na WENDY potpunu hranu treba da traje najmanje 7 dana.
U ovom periodu Vašem ljubimcu treba davati hranu koju je prethodno jeo i WENDY, tako da se postepeno povećava učešće WENDY-a u obroku vašeg ljubimca.
Održavajte higijenu posuda iz kojih Vaš ljubimac konzumira hranu i vodu. Redovno kontrolišite zdravstveno stanje ljubimca kod veterinara.","https://firebasestorage.googleapis.com/v0/b/web-shop-model.appspot.com/o/images%2F1741594016329-Wendy-sensitive.png?alt=media&token=15b8f09e-e3fc-4f43-822b-5052299bf82f"
"W9q4Tx0kYwW5nYnu4DO0","Wendy hrana za mačke ćuretina 10kg","Pet program","Hrana za kućne ljubimce","Gebi","1","false","","WENDY je potpuna hrana sa ukusom ćuretine namenjena za ishranu mačaka svih rasa i uzrasnih kategorija. WENDY obezbeđuje vašem ljubimcu potpunu i uravnoteženu ishranu. Hrana je napravljena od pažljivo biranih sastojaka vrhunskog kvaliteta, a formula je prilagođena nutritivnim potrebama mačaka. Sadrži sve vitamine i minerale neophodne za pravilnu i izbalansiranu ishranu.
Taurin je jedan od neophodnih sastojaka u ishrani mačaka, kojeg njen organizam ne može sam sintetisati. Ima vrlo važne uloge u organizmu, kao što su održavanje funkcije srca i očiju, mozga i nervnog sistema, imunog sistema, reprodukcije ženki i pravilnog varenja. Iz tog razloga taurin je sastavni deo WENDY hrane za mačke, kako bi pomogao vašem ljubimcu u državanju svih vitalnih funkcija. WENDY obezbeđuje ljubimcima dobro zdravlje, pomaže u održavanju lepe i sjajne dlake.
Ukus: ćuretina.
Pakovanje: 10kg

Saveti za upotrebu
WENDY hrana se koristi u suvom ili u nakvašenom stanju, posebno ili u kombinaciji sa drugom hranom. Ako se dozira u suvom stanju, vašem ljubimcu obezbedite uvek svežu vodu za piće. Ako ljubimac do sad nije konzumirao WENDY potpunu hranu, treba je dozirati postepeno, povećavajući količinu svakog dana. Period privikavanja na WENDY potpunu hranu treba da traje najmanje 7 dana. U ovom periodu vašem ljubimcu treba davati hranu koju je prethodno jeo i WENDY, tako da se postepeno povećava učešće WENDY hrane u obroku vašeg ljubimca. Održavajte higijenu posuda iz kojih Vaš ljubimac konzumira hranu i vodu. Redovno kontrolišite zdravstveno stanje ljubimca kod veterinara.","https://firebasestorage.googleapis.com/v0/b/web-shop-model.appspot.com/o/images%2F1741593649342-wendy-cyreca.png?alt=media&token=6396e2ae-34c2-47b2-9f0f-82c1b357568b"
"fbYCQNM8yh4M73pp8z2E","Wendy hrana za mačke ćuretina 1kg","Pet program","Hrana za kućne ljubimce","Gebi","1","false","","WENDY je potpuna hrana sa ukusom ćuretine namenjena za ishranu mačaka svih rasa i uzrasnih kategorija. WENDY obezbeđuje vašem ljubimcu potpunu i uravnoteženu ishranu. Hrana je napravljena od pažljivo biranih sastojaka vrhunskog kvaliteta, a formula je prilagođena nutritivnim potrebama mačaka. Sadrži sve vitamine i minerale neophodne za pravilnu i izbalansiranu ishranu.
Taurin je jedan od neophodnih sastojaka u ishrani mačaka, kojeg njen organizam ne može sam sintetisati. Ima vrlo važne uloge u organizmu, kao što su održavanje funkcije srca i očiju, mozga i nervnog sistema, imunog sistema, reprodukcije ženki i pravilnog varenja. Iz tog razloga taurin je sastavni deo WENDY hrane za mačke, kako bi pomogao vašem ljubimcu u državanju svih vitalnih funkcija. WENDY obezbeđuje ljubimcima dobro zdravlje, pomaže u održavanju lepe i sjajne dlake.
Ukus: ćuretina.
Pakovanje: 1kg

Saveti za upotrebu
WENDY hrana se koristi u suvom ili u nakvašenom stanju, posebno ili u kombinaciji sa drugom hranom. Ako se dozira u suvom stanju, vašem ljubimcu obezbedite uvek svežu vodu za piće. Ako ljubimac do sad nije konzumirao WENDY potpunu hranu, treba je dozirati postepeno, povećavajući količinu svakog dana. Period privikavanja na WENDY potpunu hranu treba da traje najmanje 7 dana. U ovom periodu vašem ljubimcu treba davati hranu koju je prethodno jeo i WENDY, tako da se postepeno povećava učešće WENDY hrane u obroku vašeg ljubimca. Održavajte higijenu posuda iz kojih Vaš ljubimac konzumira hranu i vodu. Redovno kontrolišite zdravstveno stanje ljubimca kod veterinara.

","https://firebasestorage.googleapis.com/v0/b/web-shop-model.appspot.com/o/images%2F1741593605161-wendy-cyreca.png?alt=media&token=17030bfc-c35f-44dc-a416-258f40ce8162"
"N2Yykch9HZvZonvdOYkM","Wendy hrana za mačke losos 10kg","Pet program","Hrana za kućne ljubimce","Gebi","1","false","","WENDY je potpuna hrana sa ukusom lososa namenjena za ishranu mačaka svih rasa i uzrasnih kategorija. WENDY obezbeđuje vašim ljubimcima potpunu i uravnoteženu ishranu. Hrana je napravljena od pažljivo biranih sastojaka vrhunskog kvaliteta, a formula je prilagođena nutritivnim potrebama mačaka. Sadrži sve vitamine i minerale neophodne za pravilnu i izbalansiranu ishranu.
Taurin je jedan od neophodnih sastojaka u ishrani mačaka, kojeg njen organizam ne može sam sintetisati. Ima vrlo važne uloge u organizmu, kao što su održavanje funkcije srca i očiju, mozga i nervnog sistema, imunog sistema, reprodukcije ženki i pravilnog varenja. Iz tog razloga taurin je sastavni deo WENDY hrane za mačke, kako bi pomogao vašem ljubimcu u održavanju svih vitalnih funkcija. WENDY obezbeđuje vašem ljubimcu dobro zdravlje, pomaže u održavanju lepe i sjajne dlake.
Ukus: losos.
Pakovanje: 10kg

Saveti za upotrebu
WENDY hrana se koristi u suvom ili u nakvašenom stanju, posebno ili u kombinaciji sa drugom hranom. Ako se dozira u suvom stanju, vašem ljubimcu obezbedite uvek svežu vodu za piće. Ako ljubimac do sad nije konzumirao WENDY potpunu hranu, treba je dozirati postepeno, povećavajući količinu svakog dana. Period privikavanja na WENDY potpunu hranu treba da traje najmanje 7 dana. U ovom periodu vašem ljubimcu treba davati hranu koju je prethodno jeo i WENDY, tako da se postepeno povećava učešće WENDY hrane u obroku Vašeg ljubimca. Održavajte higijenu posuda iz kojih Vaš ljubimac konzumira hranu i vodu. Redovno kontrolišite zdravstveno stanje ljubimca kod veterinara.","https://firebasestorage.googleapis.com/v0/b/web-shop-model.appspot.com/o/images%2F1741593805296-wendy-losos.png?alt=media&token=5218d1ab-9b1e-476a-b6ab-208fc237e534"
"gf2o13XJBOu2BRQtLJo1","Wendy hrana za mačke losos 1kg","Pet program","Hrana za kućne ljubimce","Gebi","1","false","","WENDY je potpuna hrana sa ukusom lososa namenjena za ishranu mačaka svih rasa i uzrasnih kategorija. WENDY obezbeđuje vašim ljubimcima potpunu i uravnoteženu ishranu. Hrana je napravljena od pažljivo biranih sastojaka vrhunskog kvaliteta, a formula je prilagođena nutritivnim potrebama mačaka. Sadrži sve vitamine i minerale neophodne za pravilnu i izbalansiranu ishranu.
Taurin je jedan od neophodnih sastojaka u ishrani mačaka, kojeg njen organizam ne može sam sintetisati. Ima vrlo važne uloge u organizmu, kao što su održavanje funkcije srca i očiju, mozga i nervnog sistema, imunog sistema, reprodukcije ženki i pravilnog varenja. Iz tog razloga taurin je sastavni deo WENDY hrane za mačke, kako bi pomogao vašem ljubimcu u održavanju svih vitalnih funkcija. WENDY obezbeđuje vašem ljubimcu dobro zdravlje, pomaže u održavanju lepe i sjajne dlake.
Ukus: losos.
Pakovanje: 1kg

Saveti za upotrebu
WENDY hrana se koristi u suvom ili u nakvašenom stanju, posebno ili u kombinaciji sa drugom hranom. Ako se dozira u suvom stanju, vašem ljubimcu obezbedite uvek svežu vodu za piće. Ako ljubimac do sad nije konzumirao WENDY potpunu hranu, treba je dozirati postepeno, povećavajući količinu svakog dana. Period privikavanja na WENDY potpunu hranu treba da traje najmanje 7 dana. U ovom periodu vašem ljubimcu treba davati hranu koju je prethodno jeo i WENDY, tako da se postepeno povećava učešće WENDY hrane u obroku Vašeg ljubimca. Održavajte higijenu posuda iz kojih Vaš ljubimac konzumira hranu i vodu. Redovno kontrolišite zdravstveno stanje ljubimca kod veterinara.","https://firebasestorage.googleapis.com/v0/b/web-shop-model.appspot.com/o/images%2F1741593762804-wendy-losos.png?alt=media&token=01a2e438-657e-4143-aa24-478297dea4a2"
"iPkNXxbiDs4ejVXErskA","Zanat","Zaštita bilja","Herbicidi","Galenika Fitofarmacija","1","false","","Opis
Selektivni translokacioni herbicid za suzbijanje jednogodišnjih travnih i širokolisnih korova u ratarstvu i povrtarstvu
Proizvođač
GALENIKA-FITOFARMACIJA a.d.
Aktivne Materije
Pendimetalin
Formulacija
koncentrat za emulziju - EC
Delovanje
Zanat je selektivni, translokacioni zemljišni herbicid koji sadrži aktivnu supstancu pendimetalin iz hemijske grupe dinitroanilina. Suzbija jednogodišnje travne i širokolisne korove u vreme klijanja i nicanja. Podjednako dobro se usvaja i korenom i lišćem korova. Sprečavajući proces obrazovanja mikrotubula ova aktivna supstanca prouzrokuje prekid mitoze i deobu ćelija. Ovim načinom delovanja se zaustavlja rast korena korova, a u kasnijim fazama dolazi i do potpunog sušenja biljaka. Zanat je veoma malo rastvorljiv u vodi, nije podložan spiranju u dublje slojeve i formira herbicidni film koji obezbeđuje dugu zemljišnu zaštitu gajenih useva.
Karenca
42 dana - paradajz
60 dana - mrkva, peršun, paštrnak, celer
63 dana - crni luk, beli luk, praziluk, vlašac, krompir, kupus, kelj, karfiol, keleraba, brokoli, prokelj, paprika, grašak, boranija, stočni grašak
Obezbeđena vremenom primene - kukuruz, pšenica, soja, suncokret, duvan, pasulj, bob
Koncentracija
3-7 l/ha
Primena
kukuruz, krompir, suncokret, soja, pšenica, duvan, paradajz, paprika, kupus (iz rasada), crni luk, beli luk, praziluk, vlašac, grašak, pasulj, boranija, bob, stočni grašak, mrkva, peršun, paštrnak, celer, kelj, karfiol, keleraba, brokoli, prokelj
Pakovanje
200 ml, 1 l, 5 l","https://firebasestorage.googleapis.com/v0/b/web-shop-model.appspot.com/o/images%2F1762512909924-zanat11.jpg?alt=media&token=ee104433-fcfa-4517-af88-1763e6fa2be6"
